week_start,model_name,target_col,horizon_weeks,train_size,current_cases,y_true,y_pred,abs_error,signed_error,ape_pct
2024-04-08,baseline_digital_catboost,target_t_plus_1,1,212,3072.0,2461.0,5050.231167639988,2589.2311676399877,2589.2311676399877,105.21053098902836
2024-04-15,baseline_digital_catboost,target_t_plus_1,1,213,2461.0,2178.0,4934.694371091586,2756.6943710915857,2756.6943710915857,126.5699894899718
2024-04-22,baseline_digital_catboost,target_t_plus_1,1,214,2178.0,2124.0,4902.159927302799,2778.1599273027987,2778.1599273027987,130.79848998600747
2024-04-29,baseline_digital_catboost,target_t_plus_1,1,215,2124.0,1441.0,4301.413867903586,2860.413867903586,2860.413867903586,198.50200332432934
2024-05-06,baseline_digital_catboost,target_t_plus_1,1,216,1441.0,1243.0,5192.050078104792,3949.050078104792,3949.050078104792,317.70314385396557
2024-05-13,baseline_digital_catboost,target_t_plus_1,1,217,1243.0,1915.0,5384.461579316634,3469.461579316634,3469.461579316634,181.17292842384512
2024-05-20,baseline_digital_catboost,target_t_plus_1,1,218,1915.0,2224.0,3943.3804205603083,1719.3804205603083,1719.3804205603083,77.31027070864695
2024-05-27,baseline_digital_catboost,target_t_plus_1,1,219,2224.0,2222.0,4593.063312779172,2371.0633127791716,2371.0633127791716,106.70851992705543
2024-06-03,baseline_digital_catboost,target_t_plus_1,1,220,2222.0,1811.0,7249.5871485615735,5438.5871485615735,5438.5871485615735,300.3085117924668
2024-06-10,baseline_digital_catboost,target_t_plus_1,1,221,1811.0,1294.0,6762.763548634528,5468.763548634528,5468.763548634528,422.6246946394535
2024-06-17,baseline_digital_catboost,target_t_plus_1,1,222,1294.0,1299.0,5073.04734638081,3774.0473463808103,3774.0473463808103,290.5348226621101
2024-06-24,baseline_digital_catboost,target_t_plus_1,1,223,1299.0,1394.0,831.3941850884767,562.6058149115233,-562.6058149115233,40.35909719594859
2024-07-01,baseline_digital_catboost,target_t_plus_1,1,224,1394.0,1534.0,3708.8744760649097,2174.8744760649097,2174.8744760649097,141.77799713591327
2024-07-08,baseline_digital_catboost,target_t_plus_1,1,225,1534.0,1425.0,7232.422623889177,5807.422623889177,5807.422623889177,407.53842974660887
2024-07-15,baseline_digital_catboost,target_t_plus_1,1,226,1425.0,1506.0,6784.099474487324,5278.099474487324,5278.099474487324,350.4714126485607
2024-07-22,baseline_digital_catboost,target_t_plus_1,1,227,1506.0,1803.0,3082.535522374159,1279.535522374159,1279.535522374159,70.96702841786794
2024-07-29,baseline_digital_catboost,target_t_plus_1,1,228,1803.0,2524.0,5716.145379778669,3192.145379778669,3192.145379778669,126.4716869959853
2024-08-05,baseline_digital_catboost,target_t_plus_1,1,229,2524.0,3227.0,4489.899825677352,1262.899825677352,1262.899825677352,39.13541449263564
2024-08-12,baseline_digital_catboost,target_t_plus_1,1,230,3227.0,3940.0,5664.555944587339,1724.5559445873387,1724.5559445873387,43.77045544637915
2024-08-19,baseline_digital_catboost,target_t_plus_1,1,231,3940.0,4828.0,3543.2281469570025,1284.7718530429975,-1284.7718530429975,26.61085031157824
2024-08-26,baseline_digital_catboost,target_t_plus_1,1,232,4828.0,5050.0,5367.732335224719,317.73233522471855,317.73233522471855,6.291729410390466
2024-09-02,baseline_digital_catboost,target_t_plus_1,1,233,5050.0,5769.0,4677.356465975059,1091.643534024941,-1091.643534024941,18.922578159558693
2024-09-09,baseline_digital_catboost,target_t_plus_1,1,234,5769.0,7196.0,4638.749164075156,2557.250835924844,-2557.250835924844,35.537115563157926
2024-09-16,baseline_digital_catboost,target_t_plus_1,1,235,7196.0,6736.0,6200.8800216604195,535.1199783395805,-535.1199783395805,7.944180201003273
2024-09-23,baseline_digital_catboost,target_t_plus_1,1,236,6736.0,5992.0,8046.02078987845,2054.02078987845,2054.02078987845,34.27938567887934
2024-09-30,baseline_digital_catboost,target_t_plus_1,1,237,5992.0,5079.0,7338.835208909506,2259.835208909506,2259.835208909506,44.49370366035649
2024-10-07,baseline_digital_catboost,target_t_plus_1,1,238,5079.0,4131.0,5513.835910124628,1382.8359101246278,1382.8359101246278,33.474604457144224
2024-10-14,baseline_digital_catboost,target_t_plus_1,1,239,4131.0,3788.0,4714.742217020277,926.7422170202772,926.7422170202772,24.465211642562757
2024-10-21,baseline_digital_catboost,target_t_plus_1,1,240,3788.0,4249.0,5186.935934363808,937.935934363808,937.935934363808,22.074274755561497
2024-10-28,baseline_digital_catboost,target_t_plus_1,1,241,4249.0,4088.0,4675.273926866181,587.2739268661808,587.2739268661808,14.365800559348846
2024-11-04,baseline_digital_catboost,target_t_plus_1,1,242,4088.0,3805.0,6047.068920513273,2242.068920513273,2242.068920513273,58.924281748049225
2024-11-11,baseline_digital_catboost,target_t_plus_1,1,243,3805.0,4316.0,6512.211870355193,2196.2118703551932,2196.2118703551932,50.88535380804433
2024-11-18,baseline_digital_catboost,target_t_plus_1,1,244,4316.0,4959.0,5690.836446974192,731.8364469741919,731.8364469741919,14.757742427388424
2024-11-25,baseline_digital_catboost,target_t_plus_1,1,245,4959.0,4809.0,6054.07934419479,1245.0793441947899,1245.0793441947899,25.890608113844664
2024-12-02,baseline_digital_catboost,target_t_plus_1,1,246,4809.0,5208.0,9124.416396608925,3916.4163966089254,3916.4163966089254,75.20000761537875
2024-12-09,baseline_digital_catboost,target_t_plus_1,1,247,5208.0,4930.0,10533.535890762645,5603.535890762645,5603.535890762645,113.66198561384675
2024-12-16,baseline_digital_catboost,target_t_plus_1,1,248,4930.0,3958.0,8172.736080309538,4214.736080309538,4214.736080309538,106.48651036658762
2024-12-23,baseline_digital_catboost,target_t_plus_1,1,249,3958.0,2994.0,7586.83017187631,4592.83017187631,4592.83017187631,153.40114134523412
2024-12-30,baseline_digital_catboost,target_t_plus_1,1,250,2994.0,1362.0,6548.406884419188,5186.406884419188,5186.406884419188,380.7934570058141
2025-01-06,baseline_digital_catboost,target_t_plus_1,1,251,1362.0,1494.0,6098.632408831847,4604.632408831847,4604.632408831847,308.2083272310473
2025-01-13,baseline_digital_catboost,target_t_plus_1,1,252,1494.0,1280.0,5586.895768547247,4306.895768547247,4306.895768547247,336.4762319177537
2025-01-20,baseline_digital_catboost,target_t_plus_1,1,253,1280.0,1241.0,8155.812051177547,6914.812051177547,6914.812051177547,557.1967809168048
2025-01-27,baseline_digital_catboost,target_t_plus_1,1,254,1241.0,1212.0,7027.570609972738,5815.570609972738,5815.570609972738,479.8325585786087
2025-02-03,baseline_digital_catboost,target_t_plus_1,1,255,1212.0,1036.0,6102.425380492179,5066.425380492179,5066.425380492179,489.03719888920654
2025-02-10,baseline_digital_catboost,target_t_plus_1,1,256,1036.0,939.0,11209.71325743863,10270.71325743863,10270.71325743863,1093.792679173443
2025-02-17,baseline_digital_catboost,target_t_plus_1,1,257,939.0,996.0,4832.075092059209,3836.075092059209,3836.075092059209,385.1481016123704
2025-02-24,baseline_digital_catboost,target_t_plus_1,1,258,996.0,903.0,5016.163928028909,4113.163928028909,4113.163928028909,455.49988128780836
2025-03-03,baseline_digital_catboost,target_t_plus_1,1,259,903.0,864.0,2116.123874397741,1252.123874397741,1252.123874397741,144.92174472196078
2025-03-10,baseline_digital_catboost,target_t_plus_1,1,260,864.0,725.0,2302.46408076861,1577.46408076861,1577.46408076861,217.5812525198083
2024-04-08,baseline_epi_catboost,target_t_plus_1,1,212,3072.0,2461.0,2307.361060896492,153.63893910350816,-153.63893910350816,6.242947545855675
2024-04-15,baseline_epi_catboost,target_t_plus_1,1,213,2461.0,2178.0,2204.1699049559775,26.169904955977472,26.169904955977472,1.2015567013763762
2024-04-22,baseline_epi_catboost,target_t_plus_1,1,214,2178.0,2124.0,1856.079459999446,267.92054000055396,-267.92054000055396,12.613961393623068
2024-04-29,baseline_epi_catboost,target_t_plus_1,1,215,2124.0,1441.0,2141.4724233995566,700.4724233995566,700.4724233995566,48.61016123522253
2024-05-06,baseline_epi_catboost,target_t_plus_1,1,216,1441.0,1243.0,1549.3083920366971,306.3083920366971,306.3083920366971,24.642670316709342
2024-05-13,baseline_epi_catboost,target_t_plus_1,1,217,1243.0,1915.0,392.7621689790212,1522.2378310209788,-1522.2378310209788,79.4902261629754
2024-05-20,baseline_epi_catboost,target_t_plus_1,1,218,1915.0,2224.0,2313.3314909736528,89.33149097365276,89.33149097365276,4.01670373082971
2024-05-27,baseline_epi_catboost,target_t_plus_1,1,219,2224.0,2222.0,2089.2270967283584,132.77290327164155,-132.77290327164155,5.975378185042374
2024-06-03,baseline_epi_catboost,target_t_plus_1,1,220,2222.0,1811.0,2705.18398452801,894.1839845280101,894.1839845280101,49.37515099547267
2024-06-10,baseline_epi_catboost,target_t_plus_1,1,221,1811.0,1294.0,1594.9369537092134,300.9369537092134,300.9369537092134,23.256333362381255
2024-06-17,baseline_epi_catboost,target_t_plus_1,1,222,1294.0,1299.0,188.2692059207293,1110.7307940792707,-1110.7307940792707,85.50660462504008
2024-06-24,baseline_epi_catboost,target_t_plus_1,1,223,1299.0,1394.0,107.38792092440053,1286.6120790755995,-1286.6120790755995,92.29641887199422
2024-07-01,baseline_epi_catboost,target_t_plus_1,1,224,1394.0,1534.0,978.4147147615095,555.5852852384905,-555.5852852384905,36.21807596078817
2024-07-08,baseline_epi_catboost,target_t_plus_1,1,225,1534.0,1425.0,1355.471728567838,69.528271432162,-69.528271432162,4.8791769426078595
2024-07-15,baseline_epi_catboost,target_t_plus_1,1,226,1425.0,1506.0,1261.2342314412053,244.76576855879466,-244.76576855879466,16.252707075617177
2024-07-22,baseline_epi_catboost,target_t_plus_1,1,227,1506.0,1803.0,1306.2458227926218,496.75417720737823,-496.75417720737823,27.551535064191807
2024-07-29,baseline_epi_catboost,target_t_plus_1,1,228,1803.0,2524.0,2398.0785236143693,125.92147638563074,-125.92147638563074,4.988964991506765
2024-08-05,baseline_epi_catboost,target_t_plus_1,1,229,2524.0,3227.0,2750.05720657082,476.9427934291798,-476.9427934291798,14.779758085812823
2024-08-12,baseline_epi_catboost,target_t_plus_1,1,230,3227.0,3940.0,4126.210855671628,186.21085567162845,186.21085567162845,4.726163849533717
2024-08-19,baseline_epi_catboost,target_t_plus_1,1,231,3940.0,4828.0,4453.592358911314,374.40764108868643,-374.40764108868643,7.754922143510489
2024-08-26,baseline_epi_catboost,target_t_plus_1,1,232,4828.0,5050.0,4924.836988442659,125.16301155734072,-125.16301155734072,2.4784754763829846
2024-09-02,baseline_epi_catboost,target_t_plus_1,1,233,5050.0,5769.0,5164.063855651302,604.9361443486978,-604.9361443486978,10.48597927454841
2024-09-09,baseline_epi_catboost,target_t_plus_1,1,234,5769.0,7196.0,5316.8208517682415,1879.1791482317585,-1879.1791482317585,26.1142182911584
2024-09-16,baseline_epi_catboost,target_t_plus_1,1,235,7196.0,6736.0,6648.379389177797,87.62061082220316,-87.62061082220316,1.3007810395220185
2024-09-23,baseline_epi_catboost,target_t_plus_1,1,236,6736.0,5992.0,6296.293225041647,304.293225041647,304.293225041647,5.078324850494777
2024-09-30,baseline_epi_catboost,target_t_plus_1,1,237,5992.0,5079.0,5707.083286147696,628.0832861476956,628.0832861476956,12.366278522301547
2024-10-07,baseline_epi_catboost,target_t_plus_1,1,238,5079.0,4131.0,4730.965053184094,599.9650531840944,599.9650531840944,14.523482284775946
2024-10-14,baseline_epi_catboost,target_t_plus_1,1,239,4131.0,3788.0,4396.923617826447,608.9236178264473,608.9236178264473,16.07506910840674
2024-10-21,baseline_epi_catboost,target_t_plus_1,1,240,3788.0,4249.0,3885.3452967731646,363.6547032268354,-363.6547032268354,8.558595039464237
2024-10-28,baseline_epi_catboost,target_t_plus_1,1,241,4249.0,4088.0,4264.857925398539,176.857925398539,176.857925398539,4.32627019076661
2024-11-04,baseline_epi_catboost,target_t_plus_1,1,242,4088.0,3805.0,4383.9760034711635,578.9760034711635,578.9760034711635,15.21618931593071
2024-11-11,baseline_epi_catboost,target_t_plus_1,1,243,3805.0,4316.0,4743.531547518611,427.53154751861075,427.53154751861075,9.905735577354282
2024-11-18,baseline_epi_catboost,target_t_plus_1,1,244,4316.0,4959.0,5905.5759977402395,946.5759977402395,946.5759977402395,19.088041898371436
2024-11-25,baseline_epi_catboost,target_t_plus_1,1,245,4959.0,4809.0,5421.786728418827,612.7867284188269,612.7867284188269,12.742497991657869
2024-12-02,baseline_epi_catboost,target_t_plus_1,1,246,4809.0,5208.0,4673.339834042261,534.6601659577391,-534.6601659577391,10.266132218850597
2024-12-09,baseline_epi_catboost,target_t_plus_1,1,247,5208.0,4930.0,5379.9967760778945,449.99677607789454,449.99677607789454,9.127723652695629
2024-12-16,baseline_epi_catboost,target_t_plus_1,1,248,4930.0,3958.0,5014.655965920541,1056.6559659205413,1056.6559659205413,26.696714651858045
2024-12-23,baseline_epi_catboost,target_t_plus_1,1,249,3958.0,2994.0,4352.720759160507,1358.7207591605074,1358.7207591605074,45.38145488178048
2024-12-30,baseline_epi_catboost,target_t_plus_1,1,250,2994.0,1362.0,4660.996008391616,3298.9960083916158,3298.9960083916158,242.21703438998645
2025-01-06,baseline_epi_catboost,target_t_plus_1,1,251,1362.0,1494.0,3293.9417444200644,1799.9417444200644,1799.9417444200644,120.47802840830417
2025-01-13,baseline_epi_catboost,target_t_plus_1,1,252,1494.0,1280.0,3588.3708177961053,2308.3708177961053,2308.3708177961053,180.34147014032072
2025-01-20,baseline_epi_catboost,target_t_plus_1,1,253,1280.0,1241.0,2796.544801589622,1555.5448015896218,1555.5448015896218,125.34607587345864
2025-01-27,baseline_epi_catboost,target_t_plus_1,1,254,1241.0,1212.0,2546.9992205486524,1334.9992205486524,1334.9992205486524,110.14845054031785
2025-02-03,baseline_epi_catboost,target_t_plus_1,1,255,1212.0,1036.0,2561.0927486181045,1525.0927486181045,1525.0927486181045,147.2097247700873
2025-02-10,baseline_epi_catboost,target_t_plus_1,1,256,1036.0,939.0,1211.8933121629725,272.8933121629725,272.8933121629725,29.062120571136585
2025-02-17,baseline_epi_catboost,target_t_plus_1,1,257,939.0,996.0,594.303148703646,401.696851296354,-401.696851296354,40.3310091663006
2025-02-24,baseline_epi_catboost,target_t_plus_1,1,258,996.0,903.0,1239.526619680215,336.52661968021494,336.52661968021494,37.26762122704484
2025-03-03,baseline_epi_catboost,target_t_plus_1,1,259,903.0,864.0,1212.5279743562078,348.5279743562078,348.5279743562078,40.33888592085738
2025-03-10,baseline_epi_catboost,target_t_plus_1,1,260,864.0,725.0,1300.1182196924965,575.1182196924965,575.1182196924965,79.32665099206848
2024-04-08,hybrid_catboost,target_t_plus_1,1,212,3072.0,2461.0,3276.393990781613,815.393990781613,815.393990781613,33.13262863801759
2024-04-15,hybrid_catboost,target_t_plus_1,1,213,2461.0,2178.0,3280.6839616801917,1102.6839616801917,1102.6839616801917,50.628281068879325
2024-04-22,hybrid_catboost,target_t_plus_1,1,214,2178.0,2124.0,3179.870267315002,1055.870267315002,1055.870267315002,49.711406182438886
2024-04-29,hybrid_catboost,target_t_plus_1,1,215,2124.0,1441.0,3381.7802381075453,1940.7802381075453,1940.7802381075453,134.6828756493786
2024-05-06,hybrid_catboost,target_t_plus_1,1,216,1441.0,1243.0,3150.0006253145402,1907.0006253145402,1907.0006253145402,153.41919753133874
2024-05-13,hybrid_catboost,target_t_plus_1,1,217,1243.0,1915.0,3214.4143298526415,1299.4143298526415,1299.4143298526415,67.8545341959604
2024-05-20,hybrid_catboost,target_t_plus_1,1,218,1915.0,2224.0,3373.679534351464,1149.679534351464,1149.679534351464,51.69422366688238
2024-05-27,hybrid_catboost,target_t_plus_1,1,219,2224.0,2222.0,3220.435594636425,998.4355946364249,998.4355946364249,44.934095168155935
2024-06-03,hybrid_catboost,target_t_plus_1,1,220,2222.0,1811.0,3855.875107103697,2044.8751071036968,2044.8751071036968,112.91414175061827
2024-06-10,hybrid_catboost,target_t_plus_1,1,221,1811.0,1294.0,2372.211449336506,1078.2114493365061,1078.2114493365061,83.32391416819985
2024-06-17,hybrid_catboost,target_t_plus_1,1,222,1294.0,1299.0,2094.5801602259107,795.5801602259107,795.5801602259107,61.24558585264902
2024-06-24,hybrid_catboost,target_t_plus_1,1,223,1299.0,1394.0,968.2434531131294,425.75654688687064,-425.75654688687064,30.542076534208796
2024-07-01,hybrid_catboost,target_t_plus_1,1,224,1394.0,1534.0,1238.6059367786565,295.39406322134346,-295.39406322134346,19.256457837114958
2024-07-08,hybrid_catboost,target_t_plus_1,1,225,1534.0,1425.0,2533.935692811252,1108.935692811252,1108.935692811252,77.82004861833347
2024-07-15,hybrid_catboost,target_t_plus_1,1,226,1425.0,1506.0,2795.904482009817,1289.904482009817,1289.904482009817,85.6510280219002
2024-07-22,hybrid_catboost,target_t_plus_1,1,227,1506.0,1803.0,2375.5741307828666,572.5741307828666,572.5741307828666,31.756746022344238
2024-07-29,hybrid_catboost,target_t_plus_1,1,228,1803.0,2524.0,2925.106039307513,401.10603930751313,401.10603930751313,15.89168143056708
2024-08-05,hybrid_catboost,target_t_plus_1,1,229,2524.0,3227.0,4539.55199722904,1312.5519972290404,1312.5519972290404,40.67406251097119
2024-08-12,hybrid_catboost,target_t_plus_1,1,230,3227.0,3940.0,5462.550591376899,1522.5505913768993,1522.5505913768993,38.6434160247944
2024-08-19,hybrid_catboost,target_t_plus_1,1,231,3940.0,4828.0,4819.436324651706,8.563675348294055,-8.563675348294055,0.1773752143391478
2024-08-26,hybrid_catboost,target_t_plus_1,1,232,4828.0,5050.0,4584.61740221282,465.3825977871802,-465.3825977871802,9.215496985884757
2024-09-02,hybrid_catboost,target_t_plus_1,1,233,5050.0,5769.0,5400.7808737865125,368.21912621348747,-368.21912621348747,6.3827201631736425
2024-09-09,hybrid_catboost,target_t_plus_1,1,234,5769.0,7196.0,4673.243676389027,2522.7563236109727,-2522.7563236109727,35.05775880504409
2024-09-16,hybrid_catboost,target_t_plus_1,1,235,7196.0,6736.0,6433.821435970729,302.178564029271,-302.178564029271,4.48602381278609
2024-09-23,hybrid_catboost,target_t_plus_1,1,236,6736.0,5992.0,6842.714388645789,850.7143886457889,850.7143886457889,14.197503148294208
2024-09-30,hybrid_catboost,target_t_plus_1,1,237,5992.0,5079.0,4341.423122455115,737.5768775448851,-737.5768775448851,14.522088551779582
2024-10-07,hybrid_catboost,target_t_plus_1,1,238,5079.0,4131.0,4460.4513576608915,329.4513576608915,329.4513576608915,7.9750994350252125
2024-10-14,hybrid_catboost,target_t_plus_1,1,239,4131.0,3788.0,4367.485423158798,579.4854231587979,579.4854231587979,15.297925637771856
2024-10-21,hybrid_catboost,target_t_plus_1,1,240,3788.0,4249.0,4685.163396504355,436.16339650435475,436.16339650435475,10.265083466800535
2024-10-28,hybrid_catboost,target_t_plus_1,1,241,4249.0,4088.0,4457.298573227852,369.2985732278521,369.2985732278521,9.033722437080531
2024-11-04,hybrid_catboost,target_t_plus_1,1,242,4088.0,3805.0,4822.979778791634,1017.9797787916341,1017.9797787916341,26.753739258650043
2024-11-11,hybrid_catboost,target_t_plus_1,1,243,3805.0,4316.0,4723.333642409052,407.3336424090521,407.3336424090521,9.437758165177296
2024-11-18,hybrid_catboost,target_t_plus_1,1,244,4316.0,4959.0,5473.1578981827715,514.1578981827715,514.1578981827715,10.368177015179905
2024-11-25,hybrid_catboost,target_t_plus_1,1,245,4959.0,4809.0,6184.017071679555,1375.0170716795546,1375.0170716795546,28.592577909743287
2024-12-02,hybrid_catboost,target_t_plus_1,1,246,4809.0,5208.0,6370.044693994701,1162.0446939947014,1162.0446939947014,22.31268613661101
2024-12-09,hybrid_catboost,target_t_plus_1,1,247,5208.0,4930.0,5486.2106683544225,556.2106683544225,556.2106683544225,11.282163658304716
2024-12-16,hybrid_catboost,target_t_plus_1,1,248,4930.0,3958.0,6728.432942114217,2770.4329421142174,2770.4329421142174,69.99577923482106
2024-12-23,hybrid_catboost,target_t_plus_1,1,249,3958.0,2994.0,5504.9817806019055,2510.9817806019055,2510.9817806019055,83.8671269406114
2024-12-30,hybrid_catboost,target_t_plus_1,1,250,2994.0,1362.0,7203.940587778929,5841.940587778929,5841.940587778929,428.9236848589522
2025-01-06,hybrid_catboost,target_t_plus_1,1,251,1362.0,1494.0,4884.037218927768,3390.0372189277678,3390.0372189277678,226.91012174884656
2025-01-13,hybrid_catboost,target_t_plus_1,1,252,1494.0,1280.0,3108.9002542397684,1828.9002542397684,1828.9002542397684,142.8828323624819
2025-01-20,hybrid_catboost,target_t_plus_1,1,253,1280.0,1241.0,3564.184866320611,2323.184866320611,2323.184866320611,187.20264837394126
2025-01-27,hybrid_catboost,target_t_plus_1,1,254,1241.0,1212.0,3258.224790225853,2046.2247902258532,2046.2247902258532,168.83042823645653
2025-02-03,hybrid_catboost,target_t_plus_1,1,255,1212.0,1036.0,3329.197230460548,2293.197230460548,2293.197230460548,221.35108402128841
2025-02-10,hybrid_catboost,target_t_plus_1,1,256,1036.0,939.0,4631.019290901722,3692.0192909017223,3692.0192909017223,393.1862929607798
2025-02-17,hybrid_catboost,target_t_plus_1,1,257,939.0,996.0,3436.537125822193,2440.537125822193,2440.537125822193,245.0338479741158
2025-02-24,hybrid_catboost,target_t_plus_1,1,258,996.0,903.0,3070.4920573464187,2167.4920573464187,2167.4920573464187,240.0323430062479
2025-03-03,hybrid_catboost,target_t_plus_1,1,259,903.0,864.0,1669.060931919501,805.060931919501,805.060931919501,93.1783486017941
2025-03-10,hybrid_catboost,target_t_plus_1,1,260,864.0,725.0,1582.3009037026331,857.3009037026331,857.3009037026331,118.24840051070802
2024-04-08,naive_last_week,target_t_plus_1,1,212,3072.0,2461.0,3072.0,611.0,611.0,24.827305973181634
2024-04-15,naive_last_week,target_t_plus_1,1,213,2461.0,2178.0,2461.0,283.0,283.0,12.993572084481176
2024-04-22,naive_last_week,target_t_plus_1,1,214,2178.0,2124.0,2178.0,54.0,54.0,2.5423728813559325
2024-04-29,naive_last_week,target_t_plus_1,1,215,2124.0,1441.0,2124.0,683.0,683.0,47.397640527411525
2024-05-06,naive_last_week,target_t_plus_1,1,216,1441.0,1243.0,1441.0,198.0,198.0,15.929203539823009
2024-05-13,naive_last_week,target_t_plus_1,1,217,1243.0,1915.0,1243.0,672.0,-672.0,35.09138381201045
2024-05-20,naive_last_week,target_t_plus_1,1,218,1915.0,2224.0,1915.0,309.0,-309.0,13.89388489208633
2024-05-27,naive_last_week,target_t_plus_1,1,219,2224.0,2222.0,2224.0,2.0,2.0,0.09000900090009001
2024-06-03,naive_last_week,target_t_plus_1,1,220,2222.0,1811.0,2222.0,411.0,411.0,22.69464384318056
2024-06-10,naive_last_week,target_t_plus_1,1,221,1811.0,1294.0,1811.0,517.0,517.0,39.953632148377125
2024-06-17,naive_last_week,target_t_plus_1,1,222,1294.0,1299.0,1294.0,5.0,-5.0,0.3849114703618168
2024-06-24,naive_last_week,target_t_plus_1,1,223,1299.0,1394.0,1299.0,95.0,-95.0,6.814921090387374
2024-07-01,naive_last_week,target_t_plus_1,1,224,1394.0,1534.0,1394.0,140.0,-140.0,9.126466753585397
2024-07-08,naive_last_week,target_t_plus_1,1,225,1534.0,1425.0,1534.0,109.0,109.0,7.6491228070175445
2024-07-15,naive_last_week,target_t_plus_1,1,226,1425.0,1506.0,1425.0,81.0,-81.0,5.378486055776892
2024-07-22,naive_last_week,target_t_plus_1,1,227,1506.0,1803.0,1506.0,297.0,-297.0,16.472545757071547
2024-07-29,naive_last_week,target_t_plus_1,1,228,1803.0,2524.0,1803.0,721.0,-721.0,28.56576862123613
2024-08-05,naive_last_week,target_t_plus_1,1,229,2524.0,3227.0,2524.0,703.0,-703.0,21.784939572358226
2024-08-12,naive_last_week,target_t_plus_1,1,230,3227.0,3940.0,3227.0,713.0,-713.0,18.096446700507617
2024-08-19,naive_last_week,target_t_plus_1,1,231,3940.0,4828.0,3940.0,888.0,-888.0,18.3927091963546
2024-08-26,naive_last_week,target_t_plus_1,1,232,4828.0,5050.0,4828.0,222.0,-222.0,4.3960396039603955
2024-09-02,naive_last_week,target_t_plus_1,1,233,5050.0,5769.0,5050.0,719.0,-719.0,12.463165193274397
2024-09-09,naive_last_week,target_t_plus_1,1,234,5769.0,7196.0,5769.0,1427.0,-1427.0,19.83046136742635
2024-09-16,naive_last_week,target_t_plus_1,1,235,7196.0,6736.0,7196.0,460.0,460.0,6.828978622327791
2024-09-23,naive_last_week,target_t_plus_1,1,236,6736.0,5992.0,6736.0,744.0,744.0,12.416555407209612
2024-09-30,naive_last_week,target_t_plus_1,1,237,5992.0,5079.0,5992.0,913.0,913.0,17.975979523528256
2024-10-07,naive_last_week,target_t_plus_1,1,238,5079.0,4131.0,5079.0,948.0,948.0,22.948438634713145
2024-10-14,naive_last_week,target_t_plus_1,1,239,4131.0,3788.0,4131.0,343.0,343.0,9.054910242872229
2024-10-21,naive_last_week,target_t_plus_1,1,240,3788.0,4249.0,3788.0,461.0,-461.0,10.849611673334902
2024-10-28,naive_last_week,target_t_plus_1,1,241,4249.0,4088.0,4249.0,161.0,161.0,3.9383561643835616
2024-11-04,naive_last_week,target_t_plus_1,1,242,4088.0,3805.0,4088.0,283.0,283.0,7.437582128777924
2024-11-11,naive_last_week,target_t_plus_1,1,243,3805.0,4316.0,3805.0,511.0,-511.0,11.839666357738647
2024-11-18,naive_last_week,target_t_plus_1,1,244,4316.0,4959.0,4316.0,643.0,-643.0,12.966323855616052
2024-11-25,naive_last_week,target_t_plus_1,1,245,4959.0,4809.0,4959.0,150.0,150.0,3.1191515907673115
2024-12-02,naive_last_week,target_t_plus_1,1,246,4809.0,5208.0,4809.0,399.0,-399.0,7.661290322580645
2024-12-09,naive_last_week,target_t_plus_1,1,247,5208.0,4930.0,5208.0,278.0,278.0,5.63894523326572
2024-12-16,naive_last_week,target_t_plus_1,1,248,4930.0,3958.0,4930.0,972.0,972.0,24.557857503789794
2024-12-23,naive_last_week,target_t_plus_1,1,249,3958.0,2994.0,3958.0,964.0,964.0,32.197728790915164
2024-12-30,naive_last_week,target_t_plus_1,1,250,2994.0,1362.0,2994.0,1632.0,1632.0,119.8237885462555
2025-01-06,naive_last_week,target_t_plus_1,1,251,1362.0,1494.0,1362.0,132.0,-132.0,8.835341365461847
2025-01-13,naive_last_week,target_t_plus_1,1,252,1494.0,1280.0,1494.0,214.0,214.0,16.71875
2025-01-20,naive_last_week,target_t_plus_1,1,253,1280.0,1241.0,1280.0,39.0,39.0,3.1426269137792104
2025-01-27,naive_last_week,target_t_plus_1,1,254,1241.0,1212.0,1241.0,29.0,29.0,2.392739273927393
2025-02-03,naive_last_week,target_t_plus_1,1,255,1212.0,1036.0,1212.0,176.0,176.0,16.988416988416986
2025-02-10,naive_last_week,target_t_plus_1,1,256,1036.0,939.0,1036.0,97.0,97.0,10.33013844515442
2025-02-17,naive_last_week,target_t_plus_1,1,257,939.0,996.0,939.0,57.0,-57.0,5.72289156626506
2025-02-24,naive_last_week,target_t_plus_1,1,258,996.0,903.0,996.0,93.0,93.0,10.299003322259136
2025-03-03,naive_last_week,target_t_plus_1,1,259,903.0,864.0,903.0,39.0,39.0,4.513888888888888
2025-03-10,naive_last_week,target_t_plus_1,1,260,864.0,725.0,864.0,139.0,139.0,19.17241379310345
2024-04-01,baseline_digital_catboost,target_t_plus_2,2,211,3599.0,2461.0,3686.4293377296253,1225.4293377296253,1225.4293377296253,49.79395927385718
2024-04-08,baseline_digital_catboost,target_t_plus_2,2,212,3072.0,2178.0,3745.484990131181,1567.484990131181,1567.484990131181,71.96900781134899
2024-04-15,baseline_digital_catboost,target_t_plus_2,2,213,2461.0,2124.0,5556.63841144131,3432.6384114413104,3432.6384114413104,161.61197793979804
2024-04-22,baseline_digital_catboost,target_t_plus_2,2,214,2178.0,1441.0,4013.148668751617,2572.148668751617,2572.148668751617,178.4974787475099
2024-04-29,baseline_digital_catboost,target_t_plus_2,2,215,2124.0,1243.0,3123.4135075681534,1880.4135075681534,1880.4135075681534,151.28025000548297
2024-05-06,baseline_digital_catboost,target_t_plus_2,2,216,1441.0,1915.0,3999.9348495041613,2084.9348495041613,2084.9348495041613,108.87388248063505
2024-05-13,baseline_digital_catboost,target_t_plus_2,2,217,1243.0,2224.0,3845.5772178339303,1621.5772178339303,1621.5772178339303,72.91264468677744
2024-05-20,baseline_digital_catboost,target_t_plus_2,2,218,1915.0,2222.0,4832.2425083456965,2610.2425083456965,2610.2425083456965,117.4726601415705
2024-05-27,baseline_digital_catboost,target_t_plus_2,2,219,2224.0,1811.0,4445.011924707573,2634.0119247075727,2634.0119247075727,145.44516425773455
2024-06-03,baseline_digital_catboost,target_t_plus_2,2,220,2222.0,1294.0,6774.8960317073015,5480.8960317073015,5480.8960317073015,423.5622899310125
2024-06-10,baseline_digital_catboost,target_t_plus_2,2,221,1811.0,1299.0,6717.025681191877,5418.025681191877,5418.025681191877,417.09204628112985
2024-06-17,baseline_digital_catboost,target_t_plus_2,2,222,1294.0,1394.0,5258.336536475317,3864.336536475317,3864.336536475317,277.2120901345278
2024-06-24,baseline_digital_catboost,target_t_plus_2,2,223,1299.0,1534.0,2503.248985690705,969.248985690705,969.248985690705,63.18441888466134
2024-07-01,baseline_digital_catboost,target_t_plus_2,2,224,1394.0,1425.0,4556.381544173624,3131.381544173624,3131.381544173624,219.74607327534207
2024-07-08,baseline_digital_catboost,target_t_plus_2,2,225,1534.0,1506.0,11710.807443572507,10204.807443572507,10204.807443572507,677.6100560141107
2024-07-15,baseline_digital_catboost,target_t_plus_2,2,226,1425.0,1803.0,8895.65589924786,7092.65589924786,7092.65589924786,393.3808041734809
2024-07-22,baseline_digital_catboost,target_t_plus_2,2,227,1506.0,2524.0,4373.499931158734,1849.4999311587344,1849.4999311587344,73.27654243893559
2024-07-29,baseline_digital_catboost,target_t_plus_2,2,228,1803.0,3227.0,6964.321241663565,3737.321241663565,3737.321241663565,115.81410727187993
2024-08-05,baseline_digital_catboost,target_t_plus_2,2,229,2524.0,3940.0,4963.169107922768,1023.1691079227676,1023.1691079227676,25.968759084334202
2024-08-12,baseline_digital_catboost,target_t_plus_2,2,230,3227.0,4828.0,5170.137123855897,342.1371238558968,342.1371238558968,7.086518721124622
2024-08-19,baseline_digital_catboost,target_t_plus_2,2,231,3940.0,5050.0,5010.493640864821,39.50635913517908,-39.50635913517908,0.7823041412906748
2024-08-26,baseline_digital_catboost,target_t_plus_2,2,232,4828.0,5769.0,6140.441604077956,371.4416040779561,371.4416040779561,6.438578680498458
2024-09-02,baseline_digital_catboost,target_t_plus_2,2,233,5050.0,7196.0,4416.474286629682,2779.525713370318,-2779.525713370318,38.62598267607446
2024-09-09,baseline_digital_catboost,target_t_plus_2,2,234,5769.0,6736.0,6650.68076878029,85.31923121970976,-85.31923121970976,1.2666156653757388
2024-09-16,baseline_digital_catboost,target_t_plus_2,2,235,7196.0,5992.0,5202.540423856779,789.459576143221,-789.459576143221,13.17522657114855
2024-09-23,baseline_digital_catboost,target_t_plus_2,2,236,6736.0,5079.0,6755.805143869142,1676.8051438691418,1676.8051438691418,33.01447418525579
2024-09-30,baseline_digital_catboost,target_t_plus_2,2,237,5992.0,4131.0,7269.320770073751,3138.320770073751,3138.320770073751,75.97000169629027
2024-10-07,baseline_digital_catboost,target_t_plus_2,2,238,5079.0,3788.0,4961.30492103387,1173.3049210338704,1173.3049210338704,30.97425873901453
2024-10-14,baseline_digital_catboost,target_t_plus_2,2,239,4131.0,4249.0,5115.012758749079,866.0127587490788,866.0127587490788,20.381566456791685
2024-10-21,baseline_digital_catboost,target_t_plus_2,2,240,3788.0,4088.0,4870.143133162064,782.1431331620643,782.1431331620643,19.132659813162043
2024-10-28,baseline_digital_catboost,target_t_plus_2,2,241,4249.0,3805.0,5336.909594571547,1531.9095945715471,1531.9095945715471,40.26043612540203
2024-11-04,baseline_digital_catboost,target_t_plus_2,2,242,4088.0,4316.0,7786.630725846114,3470.630725846114,3470.630725846114,80.41313081200448
2024-11-11,baseline_digital_catboost,target_t_plus_2,2,243,3805.0,4959.0,5767.2168872645,808.2168872644997,808.2168872644997,16.29798119105666
2024-11-18,baseline_digital_catboost,target_t_plus_2,2,244,4316.0,4809.0,6244.561952626696,1435.5619526266964,1435.5619526266964,29.851568987870586
2024-11-25,baseline_digital_catboost,target_t_plus_2,2,245,4959.0,5208.0,7733.613035778203,2525.613035778203,2525.613035778203,48.49487395887487
2024-12-02,baseline_digital_catboost,target_t_plus_2,2,246,4809.0,4930.0,8206.260386660397,3276.2603866603968,3276.2603866603968,66.45558593631637
2024-12-09,baseline_digital_catboost,target_t_plus_2,2,247,5208.0,3958.0,8998.188787871459,5040.188787871459,5040.188787871459,127.34180868801057
2024-12-16,baseline_digital_catboost,target_t_plus_2,2,248,4930.0,2994.0,8164.158721002552,5170.158721002552,5170.158721002552,172.6839920174533
2024-12-23,baseline_digital_catboost,target_t_plus_2,2,249,3958.0,1362.0,6572.133579622372,5210.133579622372,5210.133579622372,382.53550511177474
2024-12-30,baseline_digital_catboost,target_t_plus_2,2,250,2994.0,1494.0,9443.812558108326,7949.812558108326,7949.812558108326,532.1159677448678
2025-01-06,baseline_digital_catboost,target_t_plus_2,2,251,1362.0,1280.0,7356.414175393038,6076.414175393038,6076.414175393038,474.7198574525811
2025-01-13,baseline_digital_catboost,target_t_plus_2,2,252,1494.0,1241.0,5834.067237188336,4593.067237188336,4593.067237188336,370.1101722150149
2025-01-20,baseline_digital_catboost,target_t_plus_2,2,253,1280.0,1212.0,6528.576948612754,5316.576948612754,5316.576948612754,438.6614644069929
2025-01-27,baseline_digital_catboost,target_t_plus_2,2,254,1241.0,1036.0,5253.351868951371,4217.351868951371,4217.351868951371,407.08029623082734
2025-02-03,baseline_digital_catboost,target_t_plus_2,2,255,1212.0,939.0,5435.565040539699,4496.565040539699,4496.565040539699,478.8674164579019
2025-02-10,baseline_digital_catboost,target_t_plus_2,2,256,1036.0,996.0,7100.787496949586,6104.787496949586,6104.787496949586,612.9304715812838
2025-02-17,baseline_digital_catboost,target_t_plus_2,2,257,939.0,903.0,4523.4309452334055,3620.4309452334055,3620.4309452334055,400.9336594942863
2025-02-24,baseline_digital_catboost,target_t_plus_2,2,258,996.0,864.0,6045.712502012493,5181.712502012493,5181.712502012493,599.735243288483
2025-03-03,baseline_digital_catboost,target_t_plus_2,2,259,903.0,725.0,2897.8915826327284,2172.8915826327284,2172.8915826327284,299.7091838114108
2024-04-01,baseline_epi_catboost,target_t_plus_2,2,211,3599.0,2461.0,1897.317301017898,563.682698982102,-563.682698982102,22.904620031779846
2024-04-08,baseline_epi_catboost,target_t_plus_2,2,212,3072.0,2178.0,1981.8685693241005,196.13143067589954,-196.13143067589954,9.005116192649199
2024-04-15,baseline_epi_catboost,target_t_plus_2,2,213,2461.0,2124.0,1511.694123707617,612.3058762923829,-612.3058762923829,28.827960277419155
2024-04-22,baseline_epi_catboost,target_t_plus_2,2,214,2178.0,1441.0,1181.3465513359843,259.65344866401574,-259.65344866401574,18.01897631256181
2024-04-29,baseline_epi_catboost,target_t_plus_2,2,215,2124.0,1243.0,791.7726544353063,451.2273455646937,-451.2273455646937,36.30147591027303
2024-05-06,baseline_epi_catboost,target_t_plus_2,2,216,1441.0,1915.0,914.3589114669194,1000.6410885330806,-1000.6410885330806,52.25279835681883
2024-05-13,baseline_epi_catboost,target_t_plus_2,2,217,1243.0,2224.0,296.4489952156655,1927.5510047843345,-1927.5510047843345,86.67045884821648
2024-05-20,baseline_epi_catboost,target_t_plus_2,2,218,1915.0,2222.0,3481.1790353971282,1259.1790353971282,1259.1790353971282,56.6687234652173
2024-05-27,baseline_epi_catboost,target_t_plus_2,2,219,2224.0,1811.0,4595.645739364831,2784.6457393648307,2784.6457393648307,153.76287903726288
2024-06-03,baseline_epi_catboost,target_t_plus_2,2,220,2222.0,1294.0,2886.6557768535695,1592.6557768535695,1592.6557768535695,123.0800445791012
2024-06-10,baseline_epi_catboost,target_t_plus_2,2,221,1811.0,1299.0,1351.8315911612208,52.831591161220786,52.831591161220786,4.0670970870839716
2024-06-17,baseline_epi_catboost,target_t_plus_2,2,222,1294.0,1394.0,664.3879461427296,729.6120538572704,-729.6120538572704,52.33945866981854
2024-06-24,baseline_epi_catboost,target_t_plus_2,2,223,1299.0,1534.0,1148.0842033299323,385.9157966700677,-385.9157966700677,25.157483485662823
2024-07-01,baseline_epi_catboost,target_t_plus_2,2,224,1394.0,1425.0,1797.0459615426025,372.0459615426025,372.0459615426025,26.10848852930544
2024-07-08,baseline_epi_catboost,target_t_plus_2,2,225,1534.0,1506.0,1922.0060831947321,416.0060831947321,416.0060831947321,27.623245896064553
2024-07-15,baseline_epi_catboost,target_t_plus_2,2,226,1425.0,1803.0,1534.9824140185701,268.0175859814299,-268.0175859814299,14.865090736629499
2024-07-22,baseline_epi_catboost,target_t_plus_2,2,227,1506.0,2524.0,1811.8128676366523,712.1871323633477,-712.1871323633477,28.216605878104104
2024-07-29,baseline_epi_catboost,target_t_plus_2,2,228,1803.0,3227.0,2783.4700768678194,443.52992313218056,-443.52992313218056,13.74434221047972
2024-08-05,baseline_epi_catboost,target_t_plus_2,2,229,2524.0,3940.0,3823.807795907038,116.19220409296213,-116.19220409296213,2.9490407130193432
2024-08-12,baseline_epi_catboost,target_t_plus_2,2,230,3227.0,4828.0,5031.280334950958,203.2803349509577,203.2803349509577,4.210446042894732
2024-08-19,baseline_epi_catboost,target_t_plus_2,2,231,3940.0,5050.0,4907.402678164215,142.5973218357849,-142.5973218357849,2.8237093432828693
2024-08-26,baseline_epi_catboost,target_t_plus_2,2,232,4828.0,5769.0,6558.2709078758235,789.2709078758235,789.2709078758235,13.681242986233721
2024-09-02,baseline_epi_catboost,target_t_plus_2,2,233,5050.0,7196.0,4990.1258416806195,2205.8741583193805,-2205.8741583193805,30.65417118287077
2024-09-09,baseline_epi_catboost,target_t_plus_2,2,234,5769.0,6736.0,5192.989789101141,1543.0102108988594,-1543.0102108988594,22.906921183177843
2024-09-16,baseline_epi_catboost,target_t_plus_2,2,235,7196.0,5992.0,7858.216967669699,1866.2169676696994,1866.2169676696994,31.145142985141845
2024-09-23,baseline_epi_catboost,target_t_plus_2,2,236,6736.0,5079.0,6239.841231411805,1160.841231411805,1160.841231411805,22.855704497180646
2024-09-30,baseline_epi_catboost,target_t_plus_2,2,237,5992.0,4131.0,4263.213992224088,132.21399222408763,132.21399222408763,3.200532370469321
2024-10-07,baseline_epi_catboost,target_t_plus_2,2,238,5079.0,3788.0,4289.059030179795,501.0590301797947,501.0590301797947,13.22753511562288
2024-10-14,baseline_epi_catboost,target_t_plus_2,2,239,4131.0,4249.0,4088.6301819724795,160.36981802752052,-160.36981802752052,3.7742955525422577
2024-10-21,baseline_epi_catboost,target_t_plus_2,2,240,3788.0,4088.0,4065.6598743433897,22.340125656610326,-22.340125656610326,0.5464805688994698
2024-10-28,baseline_epi_catboost,target_t_plus_2,2,241,4249.0,3805.0,4005.1347358890907,200.13473588909073,200.13473588909073,5.259782809174526
2024-11-04,baseline_epi_catboost,target_t_plus_2,2,242,4088.0,4316.0,4719.901193254913,403.90119325491287,403.90119325491287,9.35822968616573
2024-11-11,baseline_epi_catboost,target_t_plus_2,2,243,3805.0,4959.0,4569.62720864535,389.37279135464996,-389.37279135464996,7.851840922658801
2024-11-18,baseline_epi_catboost,target_t_plus_2,2,244,4316.0,4809.0,5612.94463916472,803.9446391647198,803.9446391647198,16.71750133426325
2024-11-25,baseline_epi_catboost,target_t_plus_2,2,245,4959.0,5208.0,5508.732201755072,300.7322017550723,300.7322017550723,5.774427837078962
2024-12-02,baseline_epi_catboost,target_t_plus_2,2,246,4809.0,4930.0,5186.454101097461,256.4541010974608,256.4541010974608,5.201908744370401
2024-12-09,baseline_epi_catboost,target_t_plus_2,2,247,5208.0,3958.0,5615.148303675074,1657.1483036750742,1657.1483036750742,41.8683250044233
2024-12-16,baseline_epi_catboost,target_t_plus_2,2,248,4930.0,2994.0,4307.127468545004,1313.1274685450044,1313.1274685450044,43.85863288393468
2024-12-23,baseline_epi_catboost,target_t_plus_2,2,249,3958.0,1362.0,3833.4760224409365,2471.4760224409365,2471.4760224409365,181.45932617040648
2024-12-30,baseline_epi_catboost,target_t_plus_2,2,250,2994.0,1494.0,6545.470505801783,5051.470505801783,5051.470505801783,338.11716906303764
2025-01-06,baseline_epi_catboost,target_t_plus_2,2,251,1362.0,1280.0,5085.222624823524,3805.222624823524,3805.222624823524,297.2830175643378
2025-01-13,baseline_epi_catboost,target_t_plus_2,2,252,1494.0,1241.0,4613.940918849828,3372.9409188498284,3372.9409188498284,271.792177183709
2025-01-20,baseline_epi_catboost,target_t_plus_2,2,253,1280.0,1212.0,3654.481039958253,2442.481039958253,2442.481039958253,201.5248382803839
2025-01-27,baseline_epi_catboost,target_t_plus_2,2,254,1241.0,1036.0,3365.5580400575636,2329.5580400575636,2329.5580400575636,224.860814677371
2025-02-03,baseline_epi_catboost,target_t_plus_2,2,255,1212.0,939.0,3436.2462479337755,2497.2462479337755,2497.2462479337755,265.9474172453435
2025-02-10,baseline_epi_catboost,target_t_plus_2,2,256,1036.0,996.0,1378.8729526749703,382.8729526749703,382.8729526749703,38.44105950551911
2025-02-17,baseline_epi_catboost,target_t_plus_2,2,257,939.0,903.0,1390.0949799307618,487.09497993076184,487.09497993076184,53.941858242609285
2025-02-24,baseline_epi_catboost,target_t_plus_2,2,258,996.0,864.0,1343.9285387506552,479.9285387506552,479.9285387506552,55.547284577622136
2025-03-03,baseline_epi_catboost,target_t_plus_2,2,259,903.0,725.0,1612.740737625567,887.7407376255669,887.7407376255669,122.44699829318164
2024-04-01,hybrid_catboost,target_t_plus_2,2,211,3599.0,2461.0,3012.123092819089,551.1230928190889,551.1230928190889,22.39427439329902
2024-04-08,hybrid_catboost,target_t_plus_2,2,212,3072.0,2178.0,3218.440685853251,1040.4406858532511,1040.4406858532511,47.77046307866167
2024-04-15,hybrid_catboost,target_t_plus_2,2,213,2461.0,2124.0,3283.724495855473,1159.724495855473,1159.724495855473,54.60096496494694
2024-04-22,hybrid_catboost,target_t_plus_2,2,214,2178.0,1441.0,2671.6531787218355,1230.6531787218355,1230.6531787218355,85.40271885647714
2024-04-29,hybrid_catboost,target_t_plus_2,2,215,2124.0,1243.0,2209.311746491887,966.3117464918869,966.3117464918869,77.74028531712686
2024-05-06,hybrid_catboost,target_t_plus_2,2,216,1441.0,1915.0,3866.209268515331,1951.2092685153311,1951.2092685153311,101.8908234211661
2024-05-13,hybrid_catboost,target_t_plus_2,2,217,1243.0,2224.0,3446.847068309813,1222.847068309813,1222.847068309813,54.98413076932612
2024-05-20,hybrid_catboost,target_t_plus_2,2,218,1915.0,2222.0,6181.29992258257,3959.2999225825697,3959.2999225825697,178.1863151477304
2024-05-27,hybrid_catboost,target_t_plus_2,2,219,2224.0,1811.0,4827.162853162554,3016.162853162554,3016.162853162554,166.54681685049994
2024-06-03,hybrid_catboost,target_t_plus_2,2,220,2222.0,1294.0,3983.8293562103754,2689.8293562103754,2689.8293562103754,207.86934746602589
2024-06-10,hybrid_catboost,target_t_plus_2,2,221,1811.0,1299.0,1454.436734924977,155.43673492497692,155.43673492497692,11.965876437642565
2024-06-17,hybrid_catboost,target_t_plus_2,2,222,1294.0,1394.0,1812.009576038774,418.00957603877396,418.00957603877396,29.986339744531847
2024-06-24,hybrid_catboost,target_t_plus_2,2,223,1299.0,1534.0,2984.6575383413783,1450.6575383413783,1450.6575383413783,94.56698424650445
2024-07-01,hybrid_catboost,target_t_plus_2,2,224,1394.0,1425.0,2131.8825990063524,706.8825990063524,706.8825990063524,49.60579642149842
2024-07-08,hybrid_catboost,target_t_plus_2,2,225,1534.0,1506.0,2196.032533049043,690.0325330490432,690.0325330490432,45.818893296749216
2024-07-15,hybrid_catboost,target_t_plus_2,2,226,1425.0,1803.0,2963.070077783721,1160.070077783721,1160.070077783721,64.34110248384476
2024-07-22,hybrid_catboost,target_t_plus_2,2,227,1506.0,2524.0,2404.6159189991286,119.38408100087145,-119.38408100087145,4.729955665644669
2024-07-29,hybrid_catboost,target_t_plus_2,2,228,1803.0,3227.0,2764.8907836261096,462.1092163738904,-462.1092163738904,14.32008727529874
2024-08-05,hybrid_catboost,target_t_plus_2,2,229,2524.0,3940.0,6393.807757394125,2453.8077573941246,2453.8077573941246,62.27938470543464
2024-08-12,hybrid_catboost,target_t_plus_2,2,230,3227.0,4828.0,6153.181167553392,1325.1811675533918,1325.1811675533918,27.447828656863955
2024-08-19,hybrid_catboost,target_t_plus_2,2,231,3940.0,5050.0,5314.736823107658,264.736823107658,264.736823107658,5.2423133288645145
2024-08-26,hybrid_catboost,target_t_plus_2,2,232,4828.0,5769.0,6236.028965329071,467.02896532907107,467.02896532907107,8.095492552072649
2024-09-02,hybrid_catboost,target_t_plus_2,2,233,5050.0,7196.0,4003.453221400583,3192.546778599417,-3192.546778599417,44.36557502222647
2024-09-09,hybrid_catboost,target_t_plus_2,2,234,5769.0,6736.0,6205.735095428992,530.2649045710077,-530.2649045710077,7.87210369018717
2024-09-16,hybrid_catboost,target_t_plus_2,2,235,7196.0,5992.0,8959.13959664899,2967.139596648991,2967.139596648991,49.51835107892174
2024-09-23,hybrid_catboost,target_t_plus_2,2,236,6736.0,5079.0,5670.653553922128,591.6535539221277,591.6535539221277,11.649016615911158
2024-09-30,hybrid_catboost,target_t_plus_2,2,237,5992.0,4131.0,4131.150522311695,0.15052231169465813,0.15052231169465813,0.0036437257732911676
2024-10-07,hybrid_catboost,target_t_plus_2,2,238,5079.0,3788.0,3900.9592471079304,112.95924710793042,112.95924710793042,2.982028698731004
2024-10-14,hybrid_catboost,target_t_plus_2,2,239,4131.0,4249.0,3540.3333494120216,708.6666505879784,-708.6666505879784,16.678433762955482
2024-10-21,hybrid_catboost,target_t_plus_2,2,240,3788.0,4088.0,4496.97884495803,408.9788449580301,408.9788449580301,10.004374876664142
2024-10-28,hybrid_catboost,target_t_plus_2,2,241,4249.0,3805.0,4247.251575165574,442.25157516557374,442.25157516557374,11.622906049029533
2024-11-04,hybrid_catboost,target_t_plus_2,2,242,4088.0,4316.0,4726.47899689222,410.4789968922196,410.4789968922196,9.510634775074596
2024-11-11,hybrid_catboost,target_t_plus_2,2,243,3805.0,4959.0,4875.594034856498,83.40596514350182,-83.40596514350182,1.6819109728473849
2024-11-18,hybrid_catboost,target_t_plus_2,2,244,4316.0,4809.0,5361.933742788404,552.9337427884038,552.9337427884038,11.49789442271582
2024-11-25,hybrid_catboost,target_t_plus_2,2,245,4959.0,5208.0,6741.344807594052,1533.3448075940523,1533.3448075940523,29.442104600500237
2024-12-02,hybrid_catboost,target_t_plus_2,2,246,4809.0,4930.0,5959.203577298764,1029.2035772987638,1029.2035772987638,20.87634031031975
2024-12-09,hybrid_catboost,target_t_plus_2,2,247,5208.0,3958.0,6000.313930262682,2042.3139302626823,2042.3139302626823,51.59964452406979
2024-12-16,hybrid_catboost,target_t_plus_2,2,248,4930.0,2994.0,5728.961782760953,2734.9617827609527,2734.9617827609527,91.34808893657157
2024-12-23,hybrid_catboost,target_t_plus_2,2,249,3958.0,1362.0,5390.832580342092,4028.832580342092,4028.832580342092,295.80268578135775
2024-12-30,hybrid_catboost,target_t_plus_2,2,250,2994.0,1494.0,9166.74753796011,7672.747537960109,7672.747537960109,513.5707856733675
2025-01-06,hybrid_catboost,target_t_plus_2,2,251,1362.0,1280.0,4215.1251003758225,2935.1251003758225,2935.1251003758225,229.30664846686116
2025-01-13,hybrid_catboost,target_t_plus_2,2,252,1494.0,1241.0,4159.089739895726,2918.089739895726,2918.089739895726,235.1401885492124
2025-01-20,hybrid_catboost,target_t_plus_2,2,253,1280.0,1212.0,3327.8472080973297,2115.8472080973297,2115.8472080973297,174.57485215324502
2025-01-27,hybrid_catboost,target_t_plus_2,2,254,1241.0,1036.0,3784.1736489477353,2748.1736489477353,2748.1736489477353,265.26772673240686
2025-02-03,hybrid_catboost,target_t_plus_2,2,255,1212.0,939.0,3801.333832502034,2862.333832502034,2862.333832502034,304.82788418552013
2025-02-10,hybrid_catboost,target_t_plus_2,2,256,1036.0,996.0,4247.277812306636,3251.2778123066364,3251.2778123066364,326.43351529183093
2025-02-17,hybrid_catboost,target_t_plus_2,2,257,939.0,903.0,2920.117734114441,2017.1177341144412,2017.1177341144412,223.379594032607
2025-02-24,hybrid_catboost,target_t_plus_2,2,258,996.0,864.0,4181.290047452341,3317.2900474523412,3317.2900474523412,383.94560734402097
2025-03-03,hybrid_catboost,target_t_plus_2,2,259,903.0,725.0,2015.9003105454394,1290.9003105454394,1290.9003105454394,178.05521524764683
2024-04-01,naive_last_week,target_t_plus_2,2,211,3599.0,2461.0,3599.0,1138.0,1138.0,46.24136529865908
2024-04-08,naive_last_week,target_t_plus_2,2,212,3072.0,2178.0,3072.0,894.0,894.0,41.04683195592286
2024-04-15,naive_last_week,target_t_plus_2,2,213,2461.0,2124.0,2461.0,337.0,337.0,15.866290018832391
2024-04-22,naive_last_week,target_t_plus_2,2,214,2178.0,1441.0,2178.0,737.0,737.0,51.14503816793893
2024-04-29,naive_last_week,target_t_plus_2,2,215,2124.0,1243.0,2124.0,881.0,881.0,70.87691069991955
2024-05-06,naive_last_week,target_t_plus_2,2,216,1441.0,1915.0,1441.0,474.0,-474.0,24.75195822454308
2024-05-13,naive_last_week,target_t_plus_2,2,217,1243.0,2224.0,1243.0,981.0,-981.0,44.10971223021583
2024-05-20,naive_last_week,target_t_plus_2,2,218,1915.0,2222.0,1915.0,307.0,-307.0,13.816381638163817
2024-05-27,naive_last_week,target_t_plus_2,2,219,2224.0,1811.0,2224.0,413.0,413.0,22.805080066261734
2024-06-03,naive_last_week,target_t_plus_2,2,220,2222.0,1294.0,2222.0,928.0,928.0,71.71561051004637
2024-06-10,naive_last_week,target_t_plus_2,2,221,1811.0,1299.0,1811.0,512.0,512.0,39.41493456505004
2024-06-17,naive_last_week,target_t_plus_2,2,222,1294.0,1394.0,1294.0,100.0,-100.0,7.173601147776183
2024-06-24,naive_last_week,target_t_plus_2,2,223,1299.0,1534.0,1299.0,235.0,-235.0,15.31942633637549
2024-07-01,naive_last_week,target_t_plus_2,2,224,1394.0,1425.0,1394.0,31.0,-31.0,2.175438596491228
2024-07-08,naive_last_week,target_t_plus_2,2,225,1534.0,1506.0,1534.0,28.0,28.0,1.859229747675963
2024-07-15,naive_last_week,target_t_plus_2,2,226,1425.0,1803.0,1425.0,378.0,-378.0,20.965058236272878
2024-07-22,naive_last_week,target_t_plus_2,2,227,1506.0,2524.0,1506.0,1018.0,-1018.0,40.33280507131538
2024-07-29,naive_last_week,target_t_plus_2,2,228,1803.0,3227.0,1803.0,1424.0,-1424.0,44.1276727610784
2024-08-05,naive_last_week,target_t_plus_2,2,229,2524.0,3940.0,2524.0,1416.0,-1416.0,35.93908629441624
2024-08-12,naive_last_week,target_t_plus_2,2,230,3227.0,4828.0,3227.0,1601.0,-1601.0,33.16072908036454
2024-08-19,naive_last_week,target_t_plus_2,2,231,3940.0,5050.0,3940.0,1110.0,-1110.0,21.980198019801982
2024-08-26,naive_last_week,target_t_plus_2,2,232,4828.0,5769.0,4828.0,941.0,-941.0,16.311319119431445
2024-09-02,naive_last_week,target_t_plus_2,2,233,5050.0,7196.0,5050.0,2146.0,-2146.0,29.82212340188994
2024-09-09,naive_last_week,target_t_plus_2,2,234,5769.0,6736.0,5769.0,967.0,-967.0,14.355700712589073
2024-09-16,naive_last_week,target_t_plus_2,2,235,7196.0,5992.0,7196.0,1204.0,1204.0,20.093457943925234
2024-09-23,naive_last_week,target_t_plus_2,2,236,6736.0,5079.0,6736.0,1657.0,1657.0,32.62453238826541
2024-09-30,naive_last_week,target_t_plus_2,2,237,5992.0,4131.0,5992.0,1861.0,1861.0,45.04962478818688
2024-10-07,naive_last_week,target_t_plus_2,2,238,5079.0,3788.0,5079.0,1291.0,1291.0,34.081309398099265
2024-10-14,naive_last_week,target_t_plus_2,2,239,4131.0,4249.0,4131.0,118.0,-118.0,2.7771240291833372
2024-10-21,naive_last_week,target_t_plus_2,2,240,3788.0,4088.0,3788.0,300.0,-300.0,7.338551859099804
2024-10-28,naive_last_week,target_t_plus_2,2,241,4249.0,3805.0,4249.0,444.0,444.0,11.6688567674113
2024-11-04,naive_last_week,target_t_plus_2,2,242,4088.0,4316.0,4088.0,228.0,-228.0,5.282669138090825
2024-11-11,naive_last_week,target_t_plus_2,2,243,3805.0,4959.0,3805.0,1154.0,-1154.0,23.270820729985882
2024-11-18,naive_last_week,target_t_plus_2,2,244,4316.0,4809.0,4316.0,493.0,-493.0,10.25161156165523
2024-11-25,naive_last_week,target_t_plus_2,2,245,4959.0,5208.0,4959.0,249.0,-249.0,4.78110599078341
2024-12-02,naive_last_week,target_t_plus_2,2,246,4809.0,4930.0,4809.0,121.0,-121.0,2.4543610547667343
2024-12-09,naive_last_week,target_t_plus_2,2,247,5208.0,3958.0,5208.0,1250.0,1250.0,31.581606872157653
2024-12-16,naive_last_week,target_t_plus_2,2,248,4930.0,2994.0,4930.0,1936.0,1936.0,64.66265865063461
2024-12-23,naive_last_week,target_t_plus_2,2,249,3958.0,1362.0,3958.0,2596.0,2596.0,190.60205580029367
2024-12-30,naive_last_week,target_t_plus_2,2,250,2994.0,1494.0,2994.0,1500.0,1500.0,100.40160642570282
2025-01-06,naive_last_week,target_t_plus_2,2,251,1362.0,1280.0,1362.0,82.0,82.0,6.406249999999999
2025-01-13,naive_last_week,target_t_plus_2,2,252,1494.0,1241.0,1494.0,253.0,253.0,20.386784850926674
2025-01-20,naive_last_week,target_t_plus_2,2,253,1280.0,1212.0,1280.0,68.0,68.0,5.6105610561056105
2025-01-27,naive_last_week,target_t_plus_2,2,254,1241.0,1036.0,1241.0,205.0,205.0,19.787644787644787
2025-02-03,naive_last_week,target_t_plus_2,2,255,1212.0,939.0,1212.0,273.0,273.0,29.073482428115017
2025-02-10,naive_last_week,target_t_plus_2,2,256,1036.0,996.0,1036.0,40.0,40.0,4.016064257028113
2025-02-17,naive_last_week,target_t_plus_2,2,257,939.0,903.0,939.0,36.0,36.0,3.9867109634551494
2025-02-24,naive_last_week,target_t_plus_2,2,258,996.0,864.0,996.0,132.0,132.0,15.277777777777779
2025-03-03,naive_last_week,target_t_plus_2,2,259,903.0,725.0,903.0,178.0,178.0,24.551724137931036
2024-03-25,baseline_digital_catboost,target_t_plus_3,3,210,4181.0,2461.0,4447.322801363518,1986.322801363518,1986.322801363518,80.7120195596716
2024-04-01,baseline_digital_catboost,target_t_plus_3,3,211,3599.0,2178.0,4403.385882839297,2225.3858828392968,2225.3858828392968,102.17566036911371
2024-04-08,baseline_digital_catboost,target_t_plus_3,3,212,3072.0,2124.0,4360.762692656212,2236.7626926562116,2236.7626926562116,105.30897799699679
2024-04-15,baseline_digital_catboost,target_t_plus_3,3,213,2461.0,1441.0,4880.518028314664,3439.5180283146638,3439.5180283146638,238.68966192329378
2024-04-22,baseline_digital_catboost,target_t_plus_3,3,214,2178.0,1243.0,3594.269510482196,2351.269510482196,2351.269510482196,189.16086166389348
2024-04-29,baseline_digital_catboost,target_t_plus_3,3,215,2124.0,1915.0,8591.791517142232,6676.791517142232,6676.791517142232,348.65752047740114
2024-05-06,baseline_digital_catboost,target_t_plus_3,3,216,1441.0,2224.0,4860.359650831648,2636.3596508316477,2636.3596508316477,118.54135120645898
2024-05-13,baseline_digital_catboost,target_t_plus_3,3,217,1243.0,2222.0,3764.3504432101163,1542.3504432101163,1542.3504432101163,69.41271121557679
2024-05-20,baseline_digital_catboost,target_t_plus_3,3,218,1915.0,1811.0,4682.501613036882,2871.501613036882,2871.501613036882,158.5588963576412
2024-05-27,baseline_digital_catboost,target_t_plus_3,3,219,2224.0,1294.0,4016.041584499999,2722.041584499999,2722.041584499999,210.3587005023183
2024-06-03,baseline_digital_catboost,target_t_plus_3,3,220,2222.0,1299.0,9917.89911139337,8618.89911139337,8618.89911139337,663.5026259733156
2024-06-10,baseline_digital_catboost,target_t_plus_3,3,221,1811.0,1394.0,6440.148749186008,5046.148749186008,5046.148749186008,361.990584590101
2024-06-17,baseline_digital_catboost,target_t_plus_3,3,222,1294.0,1534.0,3442.3048328921122,1908.3048328921122,1908.3048328921122,124.40057580783
2024-06-24,baseline_digital_catboost,target_t_plus_3,3,223,1299.0,1425.0,1783.0144754544453,358.01447545444535,358.01447545444535,25.123822838908445
2024-07-01,baseline_digital_catboost,target_t_plus_3,3,224,1394.0,1506.0,10040.076446948518,8534.076446948518,8534.076446948518,566.6717428252668
2024-07-08,baseline_digital_catboost,target_t_plus_3,3,225,1534.0,1803.0,11091.997730748384,9288.997730748384,9288.997730748384,515.1967682056785
2024-07-15,baseline_digital_catboost,target_t_plus_3,3,226,1425.0,2524.0,14766.306924777502,12242.306924777502,12242.306924777502,485.0359320434826
2024-07-22,baseline_digital_catboost,target_t_plus_3,3,227,1506.0,3227.0,5178.010499646318,1951.0104996463178,1951.0104996463178,60.458955675435945
2024-07-29,baseline_digital_catboost,target_t_plus_3,3,228,1803.0,3940.0,5801.023722688957,1861.0237226889567,1861.0237226889567,47.23410463677555
2024-08-05,baseline_digital_catboost,target_t_plus_3,3,229,2524.0,4828.0,5701.202771117136,873.2027711171359,873.2027711171359,18.086221439874397
2024-08-12,baseline_digital_catboost,target_t_plus_3,3,230,3227.0,5050.0,4718.565432049805,331.43456795019483,-331.43456795019483,6.563060751489007
2024-08-19,baseline_digital_catboost,target_t_plus_3,3,231,3940.0,5769.0,5081.628501685862,687.3714983141381,-687.3714983141381,11.914915900747756
2024-08-26,baseline_digital_catboost,target_t_plus_3,3,232,4828.0,7196.0,6322.987662799869,873.0123372001308,-873.0123372001308,12.13191130072444
2024-09-02,baseline_digital_catboost,target_t_plus_3,3,233,5050.0,6736.0,8169.335470254676,1433.3354702546758,1433.3354702546758,21.278733228246374
2024-09-09,baseline_digital_catboost,target_t_plus_3,3,234,5769.0,5992.0,5683.327610085873,308.67238991412705,-308.67238991412705,5.15140837640399
2024-09-16,baseline_digital_catboost,target_t_plus_3,3,235,7196.0,5079.0,7060.157025299506,1981.1570252995061,1981.1570252995061,39.006832551673675
2024-09-23,baseline_digital_catboost,target_t_plus_3,3,236,6736.0,4131.0,5891.863525132472,1760.8635251324722,1760.8635251324722,42.625599736927434
2024-09-30,baseline_digital_catboost,target_t_plus_3,3,237,5992.0,3788.0,3841.449199241699,53.44919924169881,53.44919924169881,1.4110137075422071
2024-10-07,baseline_digital_catboost,target_t_plus_3,3,238,5079.0,4249.0,4490.2139559694515,241.2139559694515,241.2139559694515,5.676958248280807
2024-10-14,baseline_digital_catboost,target_t_plus_3,3,239,4131.0,4088.0,5754.288012988864,1666.2880129888636,1666.2880129888636,40.76046998505048
2024-10-21,baseline_digital_catboost,target_t_plus_3,3,240,3788.0,3805.0,4832.404984065313,1027.4049840653133,1027.4049840653133,27.00144504770863
2024-10-28,baseline_digital_catboost,target_t_plus_3,3,241,4249.0,4316.0,4636.002156375502,320.0021563755017,320.0021563755017,7.414322436874461
2024-11-04,baseline_digital_catboost,target_t_plus_3,3,242,4088.0,4959.0,7242.836285812655,2283.8362858126548,2283.8362858126548,46.054371563070276
2024-11-11,baseline_digital_catboost,target_t_plus_3,3,243,3805.0,4809.0,7470.386983039136,2661.386983039136,2661.386983039136,55.34179627862624
2024-11-18,baseline_digital_catboost,target_t_plus_3,3,244,4316.0,5208.0,7058.8338138391555,1850.8338138391555,1850.8338138391555,35.538283675867035
2024-11-25,baseline_digital_catboost,target_t_plus_3,3,245,4959.0,4930.0,10440.610392964798,5510.610392964798,5510.610392964798,111.77708707839346
2024-12-02,baseline_digital_catboost,target_t_plus_3,3,246,4809.0,3958.0,8738.623684442166,4780.6236844421655,4780.6236844421655,120.78382224462267
2024-12-09,baseline_digital_catboost,target_t_plus_3,3,247,5208.0,2994.0,7843.898778745613,4849.898778745613,4849.898778745613,161.9872671591721
2024-12-16,baseline_digital_catboost,target_t_plus_3,3,248,4930.0,1362.0,6557.209667622601,5195.209667622601,5195.209667622601,381.4397700163437
2024-12-23,baseline_digital_catboost,target_t_plus_3,3,249,3958.0,1494.0,6305.7073687755,4811.7073687755,4811.7073687755,322.06876631696787
2024-12-30,baseline_digital_catboost,target_t_plus_3,3,250,2994.0,1280.0,31567.289128411838,30287.289128411838,30287.289128411838,2366.194463157175
2025-01-06,baseline_digital_catboost,target_t_plus_3,3,251,1362.0,1241.0,8320.786363396328,7079.786363396328,7079.786363396328,570.4904402414446
2025-01-13,baseline_digital_catboost,target_t_plus_3,3,252,1494.0,1212.0,4549.282895108452,3337.282895108452,3337.282895108452,275.3533741838657
2025-01-20,baseline_digital_catboost,target_t_plus_3,3,253,1280.0,1036.0,6386.675146536552,5350.675146536552,5350.675146536552,516.4744349938757
2025-01-27,baseline_digital_catboost,target_t_plus_3,3,254,1241.0,939.0,4597.08454653055,3658.08454653055,3658.08454653055,389.5723691725825
2025-02-03,baseline_digital_catboost,target_t_plus_3,3,255,1212.0,996.0,6656.296614608498,5660.296614608498,5660.296614608498,568.3028729526604
2025-02-10,baseline_digital_catboost,target_t_plus_3,3,256,1036.0,903.0,7204.648461529614,6301.648461529614,6301.648461529614,697.8569724838997
2025-02-17,baseline_digital_catboost,target_t_plus_3,3,257,939.0,864.0,5320.093925497402,4456.093925497402,4456.093925497402,515.7516117473845
2025-02-24,baseline_digital_catboost,target_t_plus_3,3,258,996.0,725.0,3014.8909248274704,2289.8909248274704,2289.8909248274704,315.84702411413383
2024-03-25,baseline_epi_catboost,target_t_plus_3,3,210,4181.0,2461.0,2579.7400356956223,118.74003569562228,118.74003569562228,4.824869390313786
2024-04-01,baseline_epi_catboost,target_t_plus_3,3,211,3599.0,2178.0,1228.6403349149004,949.3596650850996,-949.3596650850996,43.58859802961889
2024-04-08,baseline_epi_catboost,target_t_plus_3,3,212,3072.0,2124.0,1851.1209461033723,272.87905389662774,-272.87905389662774,12.847413083645373
2024-04-15,baseline_epi_catboost,target_t_plus_3,3,213,2461.0,1441.0,1308.6225558697915,132.37744413020846,-132.37744413020846,9.186498551714674
2024-04-22,baseline_epi_catboost,target_t_plus_3,3,214,2178.0,1243.0,1462.807710347115,219.80771034711506,219.80771034711506,17.683645241119475
2024-04-29,baseline_epi_catboost,target_t_plus_3,3,215,2124.0,1915.0,1658.4328302321755,256.56716976782445,-256.56716976782445,13.397763434351145
2024-05-06,baseline_epi_catboost,target_t_plus_3,3,216,1441.0,2224.0,903.4588801382342,1320.5411198617658,-1320.5411198617658,59.37684891464774
2024-05-13,baseline_epi_catboost,target_t_plus_3,3,217,1243.0,2222.0,858.9871697285998,1363.0128302714002,-1363.0128302714002,61.341711533366336
2024-05-20,baseline_epi_catboost,target_t_plus_3,3,218,1915.0,1811.0,5179.812265927501,3368.8122659275014,3368.8122659275014,186.01945145927672
2024-05-27,baseline_epi_catboost,target_t_plus_3,3,219,2224.0,1294.0,4894.82250293057,3600.8225029305704,3600.8225029305704,278.2706725603223
2024-06-03,baseline_epi_catboost,target_t_plus_3,3,220,2222.0,1299.0,3257.380543139492,1958.3805431394921,1958.3805431394921,150.76062687755908
2024-06-10,baseline_epi_catboost,target_t_plus_3,3,221,1811.0,1394.0,1970.9523405223808,576.9523405223808,576.9523405223808,41.38825972183507
2024-06-17,baseline_epi_catboost,target_t_plus_3,3,222,1294.0,1534.0,1086.7991392136846,447.2008607863154,-447.2008607863154,29.152598486721992
2024-06-24,baseline_epi_catboost,target_t_plus_3,3,223,1299.0,1425.0,1814.1812265404114,389.18122654041144,389.18122654041144,27.310963265993788
2024-07-01,baseline_epi_catboost,target_t_plus_3,3,224,1394.0,1506.0,2807.313623015303,1301.3136230153032,1301.3136230153032,86.40860710592982
2024-07-08,baseline_epi_catboost,target_t_plus_3,3,225,1534.0,1803.0,2526.1482727372604,723.1482727372604,723.1482727372604,40.10805727882753
2024-07-15,baseline_epi_catboost,target_t_plus_3,3,226,1425.0,2524.0,1865.130228835762,658.869771164238,-658.869771164238,26.104190616649685
2024-07-22,baseline_epi_catboost,target_t_plus_3,3,227,1506.0,3227.0,2770.393647724455,456.60635227554485,-456.60635227554485,14.14956158275627
2024-07-29,baseline_epi_catboost,target_t_plus_3,3,228,1803.0,3940.0,3584.6490758611108,355.35092413888924,-355.35092413888924,9.019058988296681
2024-08-05,baseline_epi_catboost,target_t_plus_3,3,229,2524.0,4828.0,4134.035962214517,693.964037785483,-693.964037785483,14.373737319500476
2024-08-12,baseline_epi_catboost,target_t_plus_3,3,230,3227.0,5050.0,5249.54005228457,199.54005228457027,199.54005228457027,3.9512881640508963
2024-08-19,baseline_epi_catboost,target_t_plus_3,3,231,3940.0,5769.0,5830.623598614446,61.623598614445655,61.623598614445655,1.0681851033878602
2024-08-26,baseline_epi_catboost,target_t_plus_3,3,232,4828.0,7196.0,7593.178647102239,397.17864710223876,397.17864710223876,5.519436452226775
2024-09-02,baseline_epi_catboost,target_t_plus_3,3,233,5050.0,6736.0,5808.513154235459,927.4868457645407,-927.4868457645407,13.769104004818002
2024-09-09,baseline_epi_catboost,target_t_plus_3,3,234,5769.0,5992.0,7395.2263922629645,1403.2263922629645,1403.2263922629645,23.418330979021437
2024-09-16,baseline_epi_catboost,target_t_plus_3,3,235,7196.0,5079.0,9218.847129868049,4139.847129868049,4139.847129868049,81.50909883575603
2024-09-23,baseline_epi_catboost,target_t_plus_3,3,236,6736.0,4131.0,5648.0318780260695,1517.0318780260695,1517.0318780260695,36.723114936481956
2024-09-30,baseline_epi_catboost,target_t_plus_3,3,237,5992.0,3788.0,4527.3310413601685,739.3310413601685,739.3310413601685,19.517714925030845
2024-10-07,baseline_epi_catboost,target_t_plus_3,3,238,5079.0,4249.0,4114.103646465668,134.89635353433187,-134.89635353433187,3.1747788546559628
2024-10-14,baseline_epi_catboost,target_t_plus_3,3,239,4131.0,4088.0,3876.020356982288,211.97964301771208,-211.97964301771208,5.18541201119648
2024-10-21,baseline_epi_catboost,target_t_plus_3,3,240,3788.0,3805.0,4292.13085786024,487.1308578602402,487.1308578602402,12.802387854408416
2024-10-28,baseline_epi_catboost,target_t_plus_3,3,241,4249.0,4316.0,5278.390362010283,962.3903620102828,962.3903620102828,22.29820115871832
2024-11-04,baseline_epi_catboost,target_t_plus_3,3,242,4088.0,4959.0,4870.884386436968,88.11561356303173,-88.11561356303173,1.776882709478357
2024-11-11,baseline_epi_catboost,target_t_plus_3,3,243,3805.0,4809.0,4821.39191419696,12.391914196959988,12.391914196959988,0.25768172586733185
2024-11-18,baseline_epi_catboost,target_t_plus_3,3,244,4316.0,5208.0,6149.716448965348,941.7164489653478,941.7164489653478,18.0821130753715
2024-11-25,baseline_epi_catboost,target_t_plus_3,3,245,4959.0,4930.0,6561.05016600578,1631.0501660057798,1631.0501660057798,33.084181866243
2024-12-02,baseline_epi_catboost,target_t_plus_3,3,246,4809.0,3958.0,5248.755725444271,1290.7557254442709,1290.7557254442709,32.6113119111741
2024-12-09,baseline_epi_catboost,target_t_plus_3,3,247,5208.0,2994.0,5477.408497899669,2483.408497899669,2483.408497899669,82.9461756145514
2024-12-16,baseline_epi_catboost,target_t_plus_3,3,248,4930.0,1362.0,4711.829674767016,3349.8296747670156,3349.8296747670156,245.94931532797472
2024-12-23,baseline_epi_catboost,target_t_plus_3,3,249,3958.0,1494.0,4448.633351416538,2954.633351416538,2954.633351416538,197.76662325411903
2024-12-30,baseline_epi_catboost,target_t_plus_3,3,250,2994.0,1280.0,10224.197831671378,8944.197831671378,8944.197831671378,698.7654555993264
2025-01-06,baseline_epi_catboost,target_t_plus_3,3,251,1362.0,1241.0,6550.712867471788,5309.712867471788,5309.712867471788,427.85760414760585
2025-01-13,baseline_epi_catboost,target_t_plus_3,3,252,1494.0,1212.0,5020.149293690602,3808.1492936906016,3808.1492936906016,314.20373710318495
2025-01-20,baseline_epi_catboost,target_t_plus_3,3,253,1280.0,1036.0,3180.4149496827595,2144.4149496827595,2144.4149496827595,206.98986000798837
2025-01-27,baseline_epi_catboost,target_t_plus_3,3,254,1241.0,939.0,2894.5623390642577,1955.5623390642577,1955.5623390642577,208.26010000684317
2025-02-03,baseline_epi_catboost,target_t_plus_3,3,255,1212.0,996.0,2548.9383035164683,1552.9383035164683,1552.9383035164683,155.91750035305907
2025-02-10,baseline_epi_catboost,target_t_plus_3,3,256,1036.0,903.0,1157.9302179016104,254.93021790161038,254.93021790161038,28.231474850676676
2025-02-17,baseline_epi_catboost,target_t_plus_3,3,257,939.0,864.0,1224.592059532335,360.59205953233504,360.59205953233504,41.73519207550174
2025-02-24,baseline_epi_catboost,target_t_plus_3,3,258,996.0,725.0,2382.748639718853,1657.7486397188532,1657.7486397188532,228.65498478880735
2024-03-25,hybrid_catboost,target_t_plus_3,3,210,4181.0,2461.0,4151.760347175226,1690.7603471752263,1690.7603471752263,68.70216770317865
2024-04-01,hybrid_catboost,target_t_plus_3,3,211,3599.0,2178.0,2745.557575101835,567.557575101835,567.557575101835,26.058658177311067
2024-04-08,hybrid_catboost,target_t_plus_3,3,212,3072.0,2124.0,2727.789771943286,603.7897719432858,603.7897719432858,28.427013744975792
2024-04-15,hybrid_catboost,target_t_plus_3,3,213,2461.0,1441.0,2420.0725294793574,979.0725294793574,979.0725294793574,67.94396457178053
2024-04-22,hybrid_catboost,target_t_plus_3,3,214,2178.0,1243.0,2381.8370158797607,1138.8370158797607,1138.8370158797607,91.62003345774423
2024-04-29,hybrid_catboost,target_t_plus_3,3,215,2124.0,1915.0,8044.443442703321,6129.443442703321,6129.443442703321,320.07537559808463
2024-05-06,hybrid_catboost,target_t_plus_3,3,216,1441.0,2224.0,2427.3258715730117,203.32587157301168,203.32587157301168,9.142350340513115
2024-05-13,hybrid_catboost,target_t_plus_3,3,217,1243.0,2222.0,3752.2378612471803,1530.2378612471803,1530.2378612471803,68.86759051517463
2024-05-20,hybrid_catboost,target_t_plus_3,3,218,1915.0,1811.0,6535.019566275982,4724.019566275982,4724.019566275982,260.8514393305346
2024-05-27,hybrid_catboost,target_t_plus_3,3,219,2224.0,1294.0,5115.432726997033,3821.4327269970327,3821.4327269970327,295.3193761203271
2024-06-03,hybrid_catboost,target_t_plus_3,3,220,2222.0,1299.0,2864.620385331229,1565.620385331229,1565.620385331229,120.5250489092555
2024-06-10,hybrid_catboost,target_t_plus_3,3,221,1811.0,1394.0,2282.7022669965972,888.7022669965972,888.7022669965972,63.75195602558087
2024-06-17,hybrid_catboost,target_t_plus_3,3,222,1294.0,1534.0,2491.937756183428,957.9377561834281,957.9377561834281,62.44705059865894
2024-06-24,hybrid_catboost,target_t_plus_3,3,223,1299.0,1425.0,2313.090170034382,888.090170034382,888.090170034382,62.32211719539523
2024-07-01,hybrid_catboost,target_t_plus_3,3,224,1394.0,1506.0,2515.4834421796004,1009.4834421796004,1009.4834421796004,67.03077305309432
2024-07-08,hybrid_catboost,target_t_plus_3,3,225,1534.0,1803.0,3918.555142763107,2115.555142763107,2115.555142763107,117.33528246051621
2024-07-15,hybrid_catboost,target_t_plus_3,3,226,1425.0,2524.0,5124.924615459495,2600.924615459495,2600.924615459495,103.04772644451248
2024-07-22,hybrid_catboost,target_t_plus_3,3,227,1506.0,3227.0,3920.606514378329,693.6065143783289,693.6065143783289,21.493849221516236
2024-07-29,hybrid_catboost,target_t_plus_3,3,228,1803.0,3940.0,4225.7184560601145,285.7184560601145,285.7184560601145,7.251737463454683
2024-08-05,hybrid_catboost,target_t_plus_3,3,229,2524.0,4828.0,7562.205239369057,2734.2052393690574,2734.2052393690574,56.63225433655877
2024-08-12,hybrid_catboost,target_t_plus_3,3,230,3227.0,5050.0,5711.849656640088,661.8496566400881,661.8496566400881,13.10593379485323
2024-08-19,hybrid_catboost,target_t_plus_3,3,231,3940.0,5769.0,6556.539907856299,787.5399078562987,787.5399078562987,13.65123778568727
2024-08-26,hybrid_catboost,target_t_plus_3,3,232,4828.0,7196.0,7231.406655714531,35.40665571453064,35.40665571453064,0.492032458512099
2024-09-02,hybrid_catboost,target_t_plus_3,3,233,5050.0,6736.0,5508.828798588998,1227.1712014110017,-1227.1712014110017,18.218099783417482
2024-09-09,hybrid_catboost,target_t_plus_3,3,234,5769.0,5992.0,7263.828829368009,1271.8288293680089,1271.8288293680089,21.225447753137665
2024-09-16,hybrid_catboost,target_t_plus_3,3,235,7196.0,5079.0,10062.464982957801,4983.464982957801,4983.464982957801,98.11901915648357
2024-09-23,hybrid_catboost,target_t_plus_3,3,236,6736.0,4131.0,4844.763703942388,713.763703942388,713.763703942388,17.27823054810913
2024-09-30,hybrid_catboost,target_t_plus_3,3,237,5992.0,3788.0,4653.855786744598,865.8557867445979,865.8557867445979,22.857861318495193
2024-10-07,hybrid_catboost,target_t_plus_3,3,238,5079.0,4249.0,4743.056169739766,494.0561697397661,494.0561697397661,11.627586955513442
2024-10-14,hybrid_catboost,target_t_plus_3,3,239,4131.0,4088.0,4619.485005580318,531.4850055803181,531.4850055803181,13.001100919283711
2024-10-21,hybrid_catboost,target_t_plus_3,3,240,3788.0,3805.0,4118.194004461226,313.19400446122563,313.19400446122563,8.231117068626165
2024-10-28,hybrid_catboost,target_t_plus_3,3,241,4249.0,4316.0,5346.966987744472,1030.9669877444721,1030.9669877444721,23.887094248018354
2024-11-04,hybrid_catboost,target_t_plus_3,3,242,4088.0,4959.0,5823.188130472725,864.1881304727249,864.1881304727249,17.426661231553233
2024-11-11,hybrid_catboost,target_t_plus_3,3,243,3805.0,4809.0,5388.361683640509,579.361683640509,579.361683640509,12.047446114379476
2024-11-18,hybrid_catboost,target_t_plus_3,3,244,4316.0,5208.0,7829.063163226783,2621.063163226783,2621.063163226783,50.3276337025112
2024-11-25,hybrid_catboost,target_t_plus_3,3,245,4959.0,4930.0,7145.817382545116,2215.817382545116,2215.817382545116,44.94558585284211
2024-12-02,hybrid_catboost,target_t_plus_3,3,246,4809.0,3958.0,6523.708473883824,2565.708473883824,2565.708473883824,64.82335709661
2024-12-09,hybrid_catboost,target_t_plus_3,3,247,5208.0,2994.0,7151.724772763784,4157.724772763784,4157.724772763784,138.86856288456192
2024-12-16,hybrid_catboost,target_t_plus_3,3,248,4930.0,1362.0,6201.707074285852,4839.707074285852,4839.707074285852,355.33825802392454
2024-12-23,hybrid_catboost,target_t_plus_3,3,249,3958.0,1494.0,5968.12146603176,4474.12146603176,4474.12146603176,299.47265502220614
2024-12-30,hybrid_catboost,target_t_plus_3,3,250,2994.0,1280.0,18583.227722426356,17303.227722426356,17303.227722426356,1351.814665814559
2025-01-06,hybrid_catboost,target_t_plus_3,3,251,1362.0,1241.0,5767.213411061219,4526.213411061219,4526.213411061219,364.7230790540869
2025-01-13,hybrid_catboost,target_t_plus_3,3,252,1494.0,1212.0,3846.749486427412,2634.749486427412,2634.749486427412,217.38857148741025
2025-01-20,hybrid_catboost,target_t_plus_3,3,253,1280.0,1036.0,3170.583811979899,2134.583811979899,2134.583811979899,206.04090849226827
2025-01-27,hybrid_catboost,target_t_plus_3,3,254,1241.0,939.0,2339.022864168899,1400.022864168899,1400.022864168899,149.09721663140564
2025-02-03,hybrid_catboost,target_t_plus_3,3,255,1212.0,996.0,3304.5009556874993,2308.5009556874993,2308.5009556874993,231.77720438629513
2025-02-10,hybrid_catboost,target_t_plus_3,3,256,1036.0,903.0,3361.860156978444,2458.860156978444,2458.860156978444,272.2990207063615
2025-02-17,hybrid_catboost,target_t_plus_3,3,257,939.0,864.0,2086.2472356587696,1222.2472356587696,1222.2472356587696,141.4638004234687
2025-02-24,hybrid_catboost,target_t_plus_3,3,258,996.0,725.0,2937.4063801410084,2212.4063801410084,2212.4063801410084,305.15950070910463
2024-03-25,naive_last_week,target_t_plus_3,3,210,4181.0,2461.0,4181.0,1720.0,1720.0,69.89028850060951
2024-04-01,naive_last_week,target_t_plus_3,3,211,3599.0,2178.0,3599.0,1421.0,1421.0,65.24334251606979
2024-04-08,naive_last_week,target_t_plus_3,3,212,3072.0,2124.0,3072.0,948.0,948.0,44.632768361581924
2024-04-15,naive_last_week,target_t_plus_3,3,213,2461.0,1441.0,2461.0,1020.0,1020.0,70.78417765440666
2024-04-22,naive_last_week,target_t_plus_3,3,214,2178.0,1243.0,2178.0,935.0,935.0,75.22123893805309
2024-04-29,naive_last_week,target_t_plus_3,3,215,2124.0,1915.0,2124.0,209.0,209.0,10.913838120104439
2024-05-06,naive_last_week,target_t_plus_3,3,216,1441.0,2224.0,1441.0,783.0,-783.0,35.206834532374096
2024-05-13,naive_last_week,target_t_plus_3,3,217,1243.0,2222.0,1243.0,979.0,-979.0,44.05940594059406
2024-05-20,naive_last_week,target_t_plus_3,3,218,1915.0,1811.0,1915.0,104.0,104.0,5.7426836002208725
2024-05-27,naive_last_week,target_t_plus_3,3,219,2224.0,1294.0,2224.0,930.0,930.0,71.87017001545595
2024-06-03,naive_last_week,target_t_plus_3,3,220,2222.0,1299.0,2222.0,923.0,923.0,71.05465742879137
2024-06-10,naive_last_week,target_t_plus_3,3,221,1811.0,1394.0,1811.0,417.0,417.0,29.913916786226686
2024-06-17,naive_last_week,target_t_plus_3,3,222,1294.0,1534.0,1294.0,240.0,-240.0,15.645371577574968
2024-06-24,naive_last_week,target_t_plus_3,3,223,1299.0,1425.0,1299.0,126.0,-126.0,8.842105263157894
2024-07-01,naive_last_week,target_t_plus_3,3,224,1394.0,1506.0,1394.0,112.0,-112.0,7.436918990703852
2024-07-08,naive_last_week,target_t_plus_3,3,225,1534.0,1803.0,1534.0,269.0,-269.0,14.919578480310594
2024-07-15,naive_last_week,target_t_plus_3,3,226,1425.0,2524.0,1425.0,1099.0,-1099.0,43.54199683042789
2024-07-22,naive_last_week,target_t_plus_3,3,227,1506.0,3227.0,1506.0,1721.0,-1721.0,53.33126743105051
2024-07-29,naive_last_week,target_t_plus_3,3,228,1803.0,3940.0,1803.0,2137.0,-2137.0,54.23857868020304
2024-08-05,naive_last_week,target_t_plus_3,3,229,2524.0,4828.0,2524.0,2304.0,-2304.0,47.72162386081193
2024-08-12,naive_last_week,target_t_plus_3,3,230,3227.0,5050.0,3227.0,1823.0,-1823.0,36.0990099009901
2024-08-19,naive_last_week,target_t_plus_3,3,231,3940.0,5769.0,3940.0,1829.0,-1829.0,31.703934824059626
2024-08-26,naive_last_week,target_t_plus_3,3,232,4828.0,7196.0,4828.0,2368.0,-2368.0,32.90717065036131
2024-09-02,naive_last_week,target_t_plus_3,3,233,5050.0,6736.0,5050.0,1686.0,-1686.0,25.029691211401424
2024-09-09,naive_last_week,target_t_plus_3,3,234,5769.0,5992.0,5769.0,223.0,-223.0,3.7216288384512684
2024-09-16,naive_last_week,target_t_plus_3,3,235,7196.0,5079.0,7196.0,2117.0,2117.0,41.68143335302224
2024-09-23,naive_last_week,target_t_plus_3,3,236,6736.0,4131.0,6736.0,2605.0,2605.0,63.05979181796175
2024-09-30,naive_last_week,target_t_plus_3,3,237,5992.0,3788.0,5992.0,2204.0,2204.0,58.18373812038015
2024-10-07,naive_last_week,target_t_plus_3,3,238,5079.0,4249.0,5079.0,830.0,830.0,19.534008001882796
2024-10-14,naive_last_week,target_t_plus_3,3,239,4131.0,4088.0,4131.0,43.0,43.0,1.0518590998043051
2024-10-21,naive_last_week,target_t_plus_3,3,240,3788.0,3805.0,3788.0,17.0,-17.0,0.4467805519053876
2024-10-28,naive_last_week,target_t_plus_3,3,241,4249.0,4316.0,4249.0,67.0,-67.0,1.552363299351251
2024-11-04,naive_last_week,target_t_plus_3,3,242,4088.0,4959.0,4088.0,871.0,-871.0,17.56402500504134
2024-11-11,naive_last_week,target_t_plus_3,3,243,3805.0,4809.0,3805.0,1004.0,-1004.0,20.87752131420254
2024-11-18,naive_last_week,target_t_plus_3,3,244,4316.0,5208.0,4316.0,892.0,-892.0,17.127496159754223
2024-11-25,naive_last_week,target_t_plus_3,3,245,4959.0,4930.0,4959.0,29.0,29.0,0.5882352941176471
2024-12-02,naive_last_week,target_t_plus_3,3,246,4809.0,3958.0,4809.0,851.0,851.0,21.500757958564932
2024-12-09,naive_last_week,target_t_plus_3,3,247,5208.0,2994.0,5208.0,2214.0,2214.0,73.94789579158316
2024-12-16,naive_last_week,target_t_plus_3,3,248,4930.0,1362.0,4930.0,3568.0,3568.0,261.9676945668135
2024-12-23,naive_last_week,target_t_plus_3,3,249,3958.0,1494.0,3958.0,2464.0,2464.0,164.92637215528782
2024-12-30,naive_last_week,target_t_plus_3,3,250,2994.0,1280.0,2994.0,1714.0,1714.0,133.90625
2025-01-06,naive_last_week,target_t_plus_3,3,251,1362.0,1241.0,1362.0,121.0,121.0,9.75020145044319
2025-01-13,naive_last_week,target_t_plus_3,3,252,1494.0,1212.0,1494.0,282.0,282.0,23.26732673267327
2025-01-20,naive_last_week,target_t_plus_3,3,253,1280.0,1036.0,1280.0,244.0,244.0,23.552123552123554
2025-01-27,naive_last_week,target_t_plus_3,3,254,1241.0,939.0,1241.0,302.0,302.0,32.16187433439829
2025-02-03,naive_last_week,target_t_plus_3,3,255,1212.0,996.0,1212.0,216.0,216.0,21.686746987951807
2025-02-10,naive_last_week,target_t_plus_3,3,256,1036.0,903.0,1036.0,133.0,133.0,14.728682170542637
2025-02-17,naive_last_week,target_t_plus_3,3,257,939.0,864.0,939.0,75.0,75.0,8.680555555555555
2025-02-24,naive_last_week,target_t_plus_3,3,258,996.0,725.0,996.0,271.0,271.0,37.37931034482759
