year,month,day,date,total_cases,cases_day,total_deaths,deaths_day,fatality_percent,recovered_total,recovered_day,active_now,active_delta
2025,3,18,18.03.2025,3885719,725,50067,4,0.0,3699346,816,136306,-95
2025,3,11,11.03.2025,3884994,864,50063,5,0.0,3698530,885,136401,-26
2025,3,4,04.03.2025,3884130,903,50058,2,0.0,3697645,957,136427,-56
2025,2,25,25.02.2025,3883227,996,50056,1,0.0,3696688,1020,136483,-25
2025,2,18,18.02.2025,3882231,939,50055,1,0.0,3695668,937,136508,1
2025,2,11,11.02.2025,3881292,1036,50054,4,0.0,3694731,1210,136507,-178
2025,2,4,04.02.2025,3880256,1212,50050,2,0.0,3693521,1240,136685,-30
2025,1,28,28.01.2025,3879044,1241,50048,,,3692281,1401,136715,-160
2025,1,21,21.01.2025,3877803,1280,50048,7,0.01,3690880,1559,136875,-286
2025,1,14,14.01.2025,3876523,1494,50041,14,0.01,3689321,1224,137161,256
2025,1,7,07.01.2025,3875029,1362,50027,17,0.01,3688097,2762,136905,-1417
2024,12,31,31.12.2024,3873667,2994,50010,16,0.01,3685335,4096,138322,-1118
2024,12,24,24.12.2024,3870673,3958,49994,16,0.01,3681239,4843,139440,-901
2024,12,17,17.12.2024,3866715,4930,49978,13,0.01,3676396,5193,140341,-276
2024,12,10,10.12.2024,3861785,5208,49965,7,0.0,3671203,4977,140617,224
2024,12,3,03.12.2024,3856577,4809,49958,11,0.01,3666226,4893,140393,-95
2024,11,26,26.11.2024,3851768,4959,49947,11,0.01,3661333,4305,140488,643
2024,11,19,19.11.2024,3846809,4316,49936,12,0.01,3657028,3701,139845,603
2024,11,12,12.11.2024,3842493,3805,49924,5,0.0,3653327,4209,139242,-409
2024,11,5,05.11.2024,3838688,4088,49919,14,0.01,3649118,4325,139651,-251
2024,10,29,29.10.2024,3834600,4249,49905,13,0.01,3644793,3770,139902,466
2024,10,22,22.10.2024,3830351,3788,49892,12,0.01,3641023,4058,139436,-282
2024,10,15,15.10.2024,3826563,4131,49880,12,0.01,3636965,5059,139718,-940
2024,10,8,08.10.2024,3822432,5079,49868,8,0.01,3631906,5952,140658,-881
2024,10,1,01.10.2024,3817353,5992,49860,11,0.01,3625954,6699,141539,-718
2024,9,24,24.09.2024,3811361,6736,49849,6,0.0,3619255,7175,142257,-445
2024,9,17,17.09.2024,3804625,7196,49843,8,0.01,3612080,5737,142702,1451
2024,9,10,10.09.2024,3797429,5769,49835,8,0.01,3606343,5057,141251,704
2024,9,3,03.09.2024,3791660,5050,49827,7,0.0,3601286,4788,140547,255
2024,8,27,27.08.2024,3786610,4828,49820,2,0.0,3596498,3868,140292,958
2024,8,20,20.08.2024,3781782,3940,49818,2,0.0,3592630,3385,139334,553
2024,8,13,13.08.2024,3777842,3227,49816,4,0.0,3589245,2534,138781,689
2024,8,6,06.08.2024,3774615,2524,49812,,,3586711,1884,138092,640
2024,7,30,30.07.2024,3772091,1803,49812,6,0.0,3584827,1407,137452,390
2024,7,23,23.07.2024,3770288,1506,49806,7,0.01,3583420,1445,137062,54
2024,7,16,16.07.2024,3768782,1425,49799,7,0.01,3581975,1441,137008,-23
2024,7,9,09.07.2024,3767357,1534,49792,6,0.0,3580534,1442,137031,86
2024,7,2,02.07.2024,3765823,1394,49786,2,0.0,3579092,1276,136945,116
2024,6,25,25.06.2024,3764429,1299,49784,6,0.0,3577816,1278,136829,15
2024,6,18,18.06.2024,3763130,1294,49778,9,0.01,3576538,1719,136814,-434
2024,6,11,11.06.2024,3761836,1811,49769,9,0.01,3574819,2127,137248,-325
2024,6,4,04.06.2024,3760025,2222,49760,1,0.0,3572692,2208,137573,13
2024,5,28,28.05.2024,3757803,2224,49759,9,0.01,3570484,1932,137560,283
2024,5,21,21.05.2024,3755579,1915,49750,6,0.0,3568552,1277,137277,632
2024,5,14,14.05.2024,3753664,1243,49744,1,0.0,3567275,1461,136645,-219
2024,5,7,07.05.2024,3752421,1441,49743,2,0.0,3565814,2033,136864,-594
2024,4,30,30.04.2024,3750980,2124,49741,6,0.0,3563781,2204,137458,-86
2024,4,23,23.04.2024,3748856,2178,49735,7,0.01,3561577,2423,137544,-252
2024,4,16,16.04.2024,3746678,2461,49728,10,0.01,3559154,3008,137796,-557
2024,4,9,09.04.2024,3744217,3072,49718,10,0.01,3556146,3561,138353,-499
2024,4,2,02.04.2024,3741145,3599,49708,11,0.01,3552585,4220,138852,-632
2024,3,26,26.03.2024,3737546,4181,49697,13,0.01,3548365,4677,139484,-509
2024,3,19,19.03.2024,3733365,4991,49684,13,0.01,3543688,4989,139993,-11
2024,3,12,12.03.2024,3728374,4686,49671,11,0.01,3538699,6236,140004,-1561
2024,3,5,05.03.2024,3723688,6286,49660,16,0.01,3532463,6709,141565,-439
2024,2,27,27.02.2024,3717402,6750,49644,13,0.01,3525754,7982,142004,-1245
2024,2,20,20.02.2024,3710652,8162,49631,27,0.02,3517772,8102,143249,33
2024,2,13,13.02.2024,3702490,8312,49604,18,0.01,3509670,8012,143216,282
2024,2,6,06.02.2024,3694178,7819,49586,16,0.01,3501658,6470,142934,1333
2024,1,30,30.01.2024,3686359,6505,49570,18,0.01,3495188,5134,141601,1353
2024,1,23,23.01.2024,3679854,5066,49552,23,0.02,3490054,4220,140248,823
2024,1,16,16.01.2024,3674788,4272,49529,22,0.02,3485834,3554,139425,696
2024,1,9,09.01.2024,3670516,3649,49507,24,0.02,3482280,5888,138729,-2263
2024,1,2,02.01.2024,3666867,6658,49483,38,0.03,3476392,9952,140992,-3332
2023,12,26,26.12.2023,3660209,10061,49445,29,0.02,3466440,12983,144324,-2951
2023,12,19,19.12.2023,3650148,13330,49416,27,0.02,3453457,15473,147275,-2170
2023,12,12,12.12.2023,3636818,15855,49389,30,0.02,3437984,16940,149445,-1115
2023,12,5,05.12.2023,3620963,16738,49359,39,0.03,3421044,13964,150560,2735
2023,11,28,28.11.2023,3604225,13590,49320,19,0.01,3407080,10519,147825,3052
2023,11,21,21.11.2023,3590635,10201,49301,19,0.01,3396561,8389,144773,1793
2023,11,14,14.11.2023,3580434,8173,49282,13,0.01,3388172,7043,142980,1117
2023,11,7,07.11.2023,3572261,6936,49269,11,0.01,3381129,5407,141863,1518
2023,10,31,31.10.2023,3565325,5329,49258,8,0.01,3375722,4483,140345,838
2023,10,24,24.10.2023,3559996,4392,49250,8,0.01,3371239,3971,139507,413
2023,10,17,17.10.2023,3555604,3838,49242,10,0.01,3367268,3612,139094,216
2023,10,10,10.10.2023,3551766,3622,49232,5,0.0,3363656,4162,138878,-545
2023,10,3,03.10.2023,3548144,4193,49227,5,0.0,3359494,4813,139423,-625
2023,9,26,26.09.2023,3543951,4914,49222,7,0.0,3354681,4688,140048,219
2023,9,19,19.09.2023,3539037,4617,49215,3,0.0,3349993,3246,139829,1368
2023,9,12,12.09.2023,3534420,3040,49212,1,0.0,3346747,1894,138461,1145
2023,9,5,05.09.2023,3531380,1857,49211,1,0.0,3344853,1386,137316,470
2023,8,29,29.08.2023,3529523,1294,49210,1,0.0,3343467,971,136846,322
2023,8,22,22.08.2023,3528229,967,49209,11,0.01,3342496,789,136524,167
2023,8,15,15.08.2023,3527262,787,49198,28,0.02,3341707,724,136357,35
2023,8,8,08.08.2023,3526475,701,49170,26,0.02,3340983,614,136322,61
2023,8,1,01.08.2023,3525774,611,49144,25,0.02,3340369,688,136261,-102
2023,7,25,25.07.2023,3525163,693,49119,19,0.01,3339681,565,136363,109
2023,7,18,18.07.2023,3524470,575,49100,26,0.02,3339116,594,136254,-45
2023,7,11,11.07.2023,3523895,593,49074,27,0.02,3338522,729,136299,-163
2023,7,4,04.07.2023,3523302,766,49047,30,0.02,3337793,1012,136462,-276
2023,6,27,27.06.2023,3522536,968,49017,43,0.03,3336781,1083,136738,-158
2023,6,20,20.06.2023,3521568,1197,48974,41,0.03,3335698,1362,136896,-206
2023,6,13,13.06.2023,3520371,1219,48933,35,0.03,3334336,1581,137102,-397
2023,6,6,06.06.2023,3519152,1602,48898,32,0.02,3332755,2276,137499,-706
2023,5,30,30.05.2023,3517793,2314,48874,37,0.03,3330753,2505,138166,-228
2023,5,23,23.05.2023,3515479,2516,48837,43,0.03,3328248,2658,138394,-185
2023,5,16,16.05.2023,3512720,2707,48786,50,0.04,3325316,3271,138618,-614
2023,5,15,15.05.2023,3512963,243,48794,8,0.01,3325590,274,138579,-39
2023,5,14,14.05.2023,3512720,453,48786,7,0.01,3325316,365,138618,81
2023,5,13,13.05.2023,3512267,442,48779,5,0.0,3324951,383,138537,54
2023,5,12,12.05.2023,3511825,602,48774,8,0.01,3324568,488,138483,106
2023,5,11,11.05.2023,3511223,265,48766,9,0.01,3324080,554,138377,-298
2023,5,10,10.05.2023,3510958,301,48757,7,0.01,3323526,741,138675,-447
2023,5,9,09.05.2023,3510013,3331,48736,46,0.03,3322045,5161,139232,-1876
2023,5,8,08.05.2023,3510386,373,48744,8,0.01,3322412,367,139230,-2
2023,5,7,07.05.2023,3510013,378,48736,5,0.0,3322045,412,139232,-39
2023,5,6,06.05.2023,3509635,488,48731,6,0.0,3321633,684,139271,-202
2023,5,5,05.05.2023,3509147,577,48725,8,0.01,3320949,808,139473,-239
2023,5,4,04.05.2023,3508570,763,48717,7,0.01,3320141,955,139712,-199
2023,5,3,03.05.2023,3507807,358,48710,7,0.01,3319186,942,139911,-591
2023,5,2,02.05.2023,3507449,353,48703,8,0.01,3318244,768,140502,-423
2023,5,1,01.05.2023,3507096,414,48695,5,0.0,3317476,592,140925,-183
2023,4,30,30.04.2023,3506682,671,48690,7,0.0,3316884,555,141108,109
2023,4,29,29.04.2023,3506011,763,48683,6,0.0,3316329,744,140999,13
2023,4,28,28.04.2023,3505248,926,48677,5,0.0,3315585,936,140986,-15
2023,4,27,27.04.2023,3504322,904,48672,7,0.0,3314649,962,141001,-65
2023,4,26,26.04.2023,3503418,934,48665,6,0.0,3313687,1052,141066,-124
2023,4,25,25.04.2023,3502484,569,48659,9,0.01,3312635,1090,141190,-530
2023,4,24,24.04.2023,3501915,593,48650,8,0.01,3311545,595,141720,-10
2023,4,23,23.04.2023,3501322,715,48642,9,0.01,3310950,604,141730,102
2023,4,22,22.04.2023,3500607,927,48633,8,0.01,3310346,932,141628,-13
2023,4,21,21.04.2023,3499680,977,48625,8,0.01,3309414,893,141641,76
2023,4,20,20.04.2023,3498703,1075,48617,7,0.0,3308521,1154,141565,-86
2023,4,19,19.04.2023,3497628,987,48610,9,0.01,3307367,1126,141651,-148
2023,4,18,18.04.2023,3496641,596,48601,10,0.01,3306241,1342,141799,-756
2023,4,17,17.04.2023,3496045,570,48591,8,0.01,3304899,687,142555,-125
2023,4,16,16.04.2023,3495475,926,48583,7,0.0,3304212,829,142680,90
2023,4,15,15.04.2023,3494549,848,48576,8,0.01,3303383,867,142590,-27
2023,4,14,14.04.2023,3493701,1193,48568,7,0.0,3302516,1324,142617,-138
2023,4,13,13.04.2023,3492508,1171,48561,8,0.01,3301192,1142,142755,21
2023,4,12,12.04.2023,3491337,1292,48553,9,0.01,3300050,1568,142734,-285
2023,4,11,11.04.2023,3490045,656,48544,7,0.0,3298482,1680,143019,-1031
2023,4,10,10.04.2023,3489389,790,48537,9,0.01,3296802,971,144050,-190
2023,4,9,09.04.2023,3488599,887,48528,8,0.01,3295831,902,144240,-23
2023,4,8,08.04.2023,3487712,1317,48520,8,0.01,3294929,1379,144263,-70
2023,4,7,07.04.2023,3486395,1140,48512,9,0.01,3293550,1401,144333,-270
2023,4,6,06.04.2023,3485255,1589,48503,8,0.01,3292149,1544,144603,37
2023,4,5,05.04.2023,3483666,1519,48495,6,0.0,3290605,1806,144566,-293
2023,4,4,04.04.2023,3482147,965,48489,9,0.01,3288799,2259,144859,-1303
2023,4,3,03.04.2023,3481182,909,48480,8,0.01,3286540,989,146162,-88
2023,4,2,02.04.2023,3480273,1358,48472,7,0.0,3285551,1221,146250,130
2023,4,1,01.04.2023,3478915,1302,48465,8,0.01,3284330,1361,146120,-67
2023,3,31,31.03.2023,3477613,1549,48457,7,0.0,3282969,1773,146187,-231
2023,3,30,30.03.2023,3476064,1771,48450,6,0.0,3281196,1820,146418,-55
2023,3,29,29.03.2023,3474293,2134,48444,7,0.0,3279376,2044,146473,83
2023,3,28,28.03.2023,3472159,973,48437,8,0.01,3277332,2265,146390,-1300
2023,3,27,27.03.2023,3471186,1333,48429,7,0.0,3275067,1118,147690,208
2023,3,26,26.03.2023,3469853,1356,48422,6,0.0,3273949,1122,147482,228
2023,3,25,25.03.2023,3468497,1897,48416,9,0.01,3272827,1709,147254,179
2023,3,24,24.03.2023,3466600,1780,48407,7,0.0,3271118,2168,147075,-395
2023,3,23,23.03.2023,3464820,2013,48400,6,0.0,3268950,1752,147470,255
2023,3,22,22.03.2023,3462807,2259,48394,8,0.01,3267198,2332,147215,-81
2023,3,21,21.03.2023,3460548,1092,48386,8,0.01,3264866,2397,147296,-1313
2023,3,20,20.03.2023,3459456,1282,48378,5,0.0,3262469,1414,148609,-137
2023,3,19,19.03.2023,3458174,1700,48373,7,0.0,3261055,1693,148746,
2023,3,18,18.03.2023,3456474,2195,48366,6,0.0,3259362,2038,148746,151
2023,3,17,17.03.2023,3454279,1734,48360,7,0.0,3257324,2234,148595,-507
2023,3,16,16.03.2023,3452545,2258,48353,5,0.0,3255090,1354,149102,899
2023,3,15,15.03.2023,3450287,2373,48348,6,0.0,3253736,2439,148203,-72
2023,3,14,14.03.2023,3447914,1411,48342,8,0.01,3251297,2350,148275,-947
2023,3,13,13.03.2023,3446503,1699,48334,6,0.0,3248947,1457,149222,236
2023,3,12,12.03.2023,3444804,2015,48328,6,0.0,3247490,1576,148986,433
2023,3,11,11.03.2023,3442789,2214,48322,7,0.0,3245914,2121,148553,86
2023,3,10,10.03.2023,3440575,1327,48315,9,0.01,3243793,2411,148467,-1093
2023,3,9,09.03.2023,3439248,2404,48306,11,0.01,3241382,2447,149560,-54
2023,3,8,08.03.2023,3436844,2368,48295,10,0.01,3238935,2743,149614,-385
2023,3,7,07.03.2023,3434476,1448,48285,12,0.01,3236192,3456,149999,-2020
2023,3,6,06.03.2023,3433028,1588,48273,11,0.01,3232736,1934,152019,-357
2023,3,5,05.03.2023,3431440,2056,48262,12,0.01,3230802,1790,152376,254
2023,3,4,04.03.2023,3429384,2399,48250,10,0.01,3229012,1433,152122,956
2023,3,3,03.03.2023,3426985,2427,48240,12,0.01,3227579,1722,151166,693
2023,3,2,02.03.2023,3424558,2788,48228,11,0.01,3225857,2244,150473,533
2023,3,1,01.03.2023,3421770,3413,48217,12,0.01,3223613,2868,149940,533
2023,2,28,28.02.2023,3418357,1914,48205,11,0.01,3220745,3149,149407,-1246
2023,2,27,27.02.2023,3416443,1778,48194,12,0.01,3217596,1850,150653,-84
2023,2,26,26.02.2023,3414665,1419,48182,12,0.01,3215746,1958,150737,-551
2023,2,25,25.02.2023,3413246,1705,48170,13,0.01,3213788,2490,151288,-798
2023,2,24,24.02.2023,3411541,2250,48157,10,0.01,3211298,2867,152086,-627
2023,2,23,23.02.2023,3409291,2947,48147,12,0.01,3208431,3338,152713,-403
2023,2,22,22.02.2023,3406344,3093,48135,11,0.01,3205093,3750,153116,-668
2023,2,21,21.02.2023,3403251,1821,48124,12,0.01,3201343,3748,153784,-1939
2023,2,20,20.02.2023,3401430,1940,48112,10,0.01,3197595,1830,155723,100
2023,2,19,19.02.2023,3399490,2547,48102,11,0.01,3195765,2418,155623,118
2023,2,18,18.02.2023,3396943,2854,48091,12,0.01,3193347,2688,155505,154
2023,2,17,17.02.2023,3394089,3196,48079,11,0.01,3190659,3028,155351,157
2023,2,16,16.02.2023,3390893,3782,48068,11,0.01,3187631,2987,155194,784
2023,2,15,15.02.2023,3387111,3862,48057,10,0.01,3184644,3566,154410,286
2023,2,14,14.02.2023,3383249,1862,48047,12,0.01,3181078,3115,154124,-1265
2023,2,13,13.02.2023,3381387,2403,48035,11,0.01,3177963,1577,155389,815
2023,2,12,12.02.2023,3378984,2658,48024,10,0.01,3176386,1750,154574,898
2023,2,11,11.02.2023,3376326,3043,48014,12,0.01,3174636,2391,153676,640
2023,2,10,10.02.2023,3373283,2952,48002,11,0.01,3172245,2320,153036,621
2023,2,9,09.02.2023,3370331,3535,47991,10,0.01,3169925,2812,152415,713
2023,2,8,08.02.2023,3366796,3116,47981,12,0.01,3167113,2930,151702,174
2023,2,7,07.02.2023,3363680,1523,47969,10,0.01,3164183,3173,151528,-1660
2023,2,6,06.02.2023,3362157,1815,47959,12,0.01,3161010,1329,153188,474
2023,2,5,05.02.2023,3360342,2382,47947,11,0.01,3159681,1470,152714,901
2023,2,4,04.02.2023,3357960,2337,47936,11,0.01,3158211,1969,151813,357
2023,2,3,03.02.2023,3355623,2800,47925,13,0.01,3156242,2132,151456,655
2023,2,2,02.02.2023,3352823,2925,47912,12,0.01,3154110,2240,150801,673
2023,2,1,01.02.2023,3349898,3160,47900,11,0.01,3151870,2444,150128,705
2023,1,31,31.01.2023,3346738,1359,47889,13,0.01,3149426,2458,149423,-1112
2023,1,30,30.01.2023,3345379,1519,47876,12,0.01,3146968,1376,150535,131
2023,1,29,29.01.2023,3343860,1967,47864,11,0.01,3145592,1207,150404,749
2023,1,28,28.01.2023,3341893,2117,47853,11,0.01,3144385,1763,149655,343
2023,1,27,27.01.2023,3339776,2234,47842,12,0.01,3142622,1937,149312,285
2023,1,26,26.01.2023,3337542,2411,47830,10,0.01,3140685,2121,149027,280
2023,1,25,25.01.2023,3335131,2424,47820,11,0.01,3138564,2013,148747,400
2023,1,24,24.01.2023,3332707,1362,47809,12,0.01,3136551,2063,148347,-713
2023,1,23,23.01.2023,3331345,1241,47797,12,0.01,3134488,1128,149060,101
2023,1,22,22.01.2023,3330104,1755,47785,11,0.01,3133360,1196,148959,548
2023,1,21,21.01.2023,3328349,1921,47774,13,0.01,3132164,1393,148411,515
2023,1,20,20.01.2023,3326428,2038,47761,12,0.01,3130771,1547,147896,479
2023,1,19,19.01.2023,3324390,2005,47749,11,0.01,3129224,1747,147417,247
2023,1,18,18.01.2023,3322385,2051,47738,12,0.01,3127477,1580,147170,459
2023,1,17,17.01.2023,3320334,1124,47726,14,0.01,3125897,1685,146711,-575
2023,1,16,16.01.2023,3319210,1228,47712,13,0.01,3124212,1128,147286,87
2023,1,15,15.01.2023,3317982,1376,47699,15,0.01,3123084,875,147199,486
2023,1,14,14.01.2023,3316606,1585,47684,14,0.01,3122209,1005,146713,566
2023,1,13,13.01.2023,3315021,1728,47670,16,0.01,3121204,1063,146147,649
2023,1,12,12.01.2023,3313293,1539,47654,15,0.01,3120141,1166,145498,358
2023,1,11,11.01.2023,3311754,1678,47639,14,0.01,3118975,1087,145140,577
2023,1,10,10.01.2023,3310076,1123,47625,16,0.01,3117888,1069,144563,38
2023,1,9,09.01.2023,3308953,793,47609,15,0.01,3116819,569,144525,209
2023,1,8,08.01.2023,3308160,974,47594,16,0.01,3116250,757,144316,201
2023,1,7,07.01.2023,3307186,1052,47578,16,0.01,3115493,1151,144115,-115
2023,1,6,06.01.2023,3306134,1156,47562,14,0.01,3114342,1265,144230,-123
2023,1,5,05.01.2023,3304978,1073,47548,15,0.01,3113077,1452,144353,-394
2023,1,4,04.01.2023,3303905,1046,47533,13,0.01,3111625,1665,144747,-632
2023,1,3,03.01.2023,3302859,544,47520,16,0.01,3109960,1881,145379,-1353
2023,1,2,02.01.2023,3302315,751,47504,12,0.01,3108079,1067,146732,-328
2023,1,1,01.01.2023,3301564,1161,47492,15,0.01,3107012,1082,147060,64
2022,12,31,31.12.2022,3300403,1283,47477,14,0.01,3105930,1420,146996,-151
2022,12,30,30.12.2022,3299120,1420,47463,13,0.01,3104510,1659,147147,-252
2022,12,29,29.12.2022,3297700,1661,47450,15,0.01,3102851,1706,147399,-60
2022,12,28,28.12.2022,3296039,1873,47435,17,0.01,3101145,1785,147459,71
2022,12,27,27.12.2022,3294166,1076,47418,16,0.01,3099360,1872,147388,-812
2022,12,26,26.12.2022,3293090,1024,47402,17,0.01,3097488,970,148200,37
2022,12,25,25.12.2022,3292066,1475,47385,15,0.01,3096518,1027,148163,433
2022,12,24,24.12.2022,3290591,1622,47370,16,0.01,3095491,1261,147730,345
2022,12,23,23.12.2022,3288969,1698,47354,15,0.01,3094230,1506,147385,177
2022,12,22,22.12.2022,3287271,1709,47339,17,0.01,3092724,2101,147208,-409
2022,12,21,21.12.2022,3285562,1929,47322,16,0.01,3090623,1633,147617,280
2022,12,20,20.12.2022,3283633,940,47306,17,0.01,3088990,1837,147337,-914
2022,12,19,19.12.2022,3282693,1110,47289,16,0.01,3087153,1005,148251,89
2022,12,18,18.12.2022,3281583,1282,47273,15,0.01,3086148,1171,148162,96
2022,12,17,17.12.2022,3280301,1396,47258,17,0.01,3084977,1296,148066,83
2022,12,16,16.12.2022,3278905,2131,47241,16,0.01,3083681,1266,147983,849
2022,12,15,15.12.2022,3276774,1692,47225,14,0.01,3082415,1463,147134,215
2022,12,14,14.12.2022,3275082,1847,47211,15,0.01,3080952,1701,146919,131
2022,12,13,13.12.2022,3273235,1018,47196,17,0.01,3079251,1713,146788,-712
2022,12,12,12.12.2022,3272217,1213,47179,16,0.01,3077538,968,147500,229
2022,12,11,11.12.2022,3271004,1237,47163,17,0.01,3076570,960,147271,260
2022,12,10,10.12.2022,3269767,1267,47146,17,0.01,3075610,1202,147011,48
2022,12,9,09.12.2022,3268500,1439,47129,15,0.01,3074408,1168,146963,256
2022,12,8,08.12.2022,3267061,1697,47114,16,0.01,3073240,1194,146707,487
2022,12,7,07.12.2022,3265364,1727,47098,17,0.01,3072046,1303,146220,407
2022,12,6,06.12.2022,3263637,963,47081,17,0.01,3070743,1456,145813,-510
2022,12,5,05.12.2022,3262674,958,47064,15,0.01,3069287,932,146323,11
2022,12,4,04.12.2022,3261716,1136,47049,17,0.01,3068355,790,146312,329
2022,12,3,03.12.2022,3260580,1187,47032,16,0.01,3067565,1074,145983,97
2022,12,2,02.12.2022,3259393,1190,47016,14,0.01,3066491,1232,145886,-56
2022,12,1,01.12.2022,3258203,1390,47002,15,0.01,3065259,1040,145942,335
2022,11,30,30.11.2022,3256813,1405,46987,16,0.01,3064219,1079,145607,310
2022,11,29,29.11.2022,3255408,912,46971,15,0.01,3063140,1329,145297,-432
2022,11,28,28.11.2022,3254496,783,46956,12,0.01,3061811,632,145729,139
2022,11,27,27.11.2022,3253713,1061,46944,14,0.01,3061179,683,145590,364
2022,11,26,26.11.2022,3252652,1212,46930,13,0.01,3060496,847,145226,352
2022,11,25,25.11.2022,3251440,1074,46917,12,0.01,3059649,759,144874,303
2022,11,24,24.11.2022,3250366,1058,46905,14,0.01,3058890,810,144571,234
2022,11,23,23.11.2022,3249308,1351,46891,12,0.01,3058080,1098,144337,241
2022,11,22,22.11.2022,3247957,625,46879,13,0.01,3056982,1030,144096,-418
2022,11,21,21.11.2022,3247332,697,46866,11,0.01,3055952,533,144514,153
2022,11,20,20.11.2022,3246635,808,46855,12,0.01,3055419,631,144361,165
2022,11,19,19.11.2022,3245827,727,46843,10,0.01,3054788,865,144196,-148
2022,11,18,18.11.2022,3245100,823,46833,12,0.01,3053923,931,144344,-120
2022,11,17,17.11.2022,3244277,1073,46821,11,0.01,3052992,911,144464,151
2022,11,16,16.11.2022,3243204,1041,46810,12,0.01,3052081,966,144313,63
2022,11,15,15.11.2022,3242163,522,46798,13,0.01,3051115,1126,144250,-617
2022,11,14,14.11.2022,3241641,635,46785,12,0.01,3049989,621,144867,2
2022,11,13,13.11.2022,3241006,854,46773,13,0.01,3049368,554,144865,287
2022,11,12,12.11.2022,3240152,975,46760,11,0.01,3048814,436,144578,528
2022,11,11,11.11.2022,3239177,925,46749,12,0.01,3048378,629,144050,284
2022,11,10,10.11.2022,3238252,979,46737,12,0.01,3047749,754,143766,213
2022,11,9,09.11.2022,3237273,1124,46725,11,0.01,3046995,866,143553,247
2022,11,8,08.11.2022,3236149,616,46714,13,0.01,3046129,960,143306,-357
2022,11,7,07.11.2022,3235533,590,46701,12,0.01,3045169,492,143663,86
2022,11,6,06.11.2022,3234943,402,46689,13,0.01,3044677,572,143577,-183
2022,11,5,05.11.2022,3234541,623,46676,11,0.01,3044105,733,143760,-121
2022,11,4,04.11.2022,3233918,757,46665,12,0.01,3043372,780,143881,-35
2022,11,3,03.11.2022,3233161,843,46653,13,0.01,3042592,760,143916,70
2022,11,2,02.11.2022,3232318,966,46640,10,0.01,3041832,913,143846,43
2022,11,1,01.11.2022,3231352,485,46630,11,0.01,3040919,1062,143803,-588
2022,10,31,31.10.2022,3230867,579,46619,11,0.01,3039857,529,144391,39
2022,10,30,30.10.2022,3230288,730,46608,12,0.01,3039328,594,144352,124
2022,10,29,29.10.2022,3229558,759,46596,13,0.01,3038734,757,144228,-11
2022,10,28,28.10.2022,3228799,762,46583,9,0.01,3037977,823,144239,-70
2022,10,27,27.10.2022,3228037,928,46574,12,0.01,3037154,675,144309,241
2022,10,26,26.10.2022,3227109,1039,46562,11,0.01,3036479,742,144068,286
2022,10,25,25.10.2022,3226070,501,46551,13,0.01,3035737,1273,143782,-785
2022,10,24,24.10.2022,3225569,555,46538,15,0.01,3034464,603,144567,-63
2022,10,23,23.10.2022,3225014,756,46523,16,0.01,3033861,683,144630,57
2022,10,22,22.10.2022,3224258,865,46507,18,0.01,3033178,1002,144573,-155
2022,10,21,21.10.2022,3223393,660,46489,19,0.01,3032176,1092,144728,-451
2022,10,20,20.10.2022,3222733,711,46470,17,0.01,3031084,1232,145179,-538
2022,10,19,19.10.2022,3222022,1257,46453,18,0.01,3029852,1274,145717,-35
2022,10,18,18.10.2022,3220765,606,46435,20,0.01,3028578,1588,145752,-1002
2022,10,17,17.10.2022,3220159,676,46415,19,0.01,3026990,878,146754,-221
2022,10,16,16.10.2022,3219483,948,46396,18,0.01,3026112,892,146975,38
2022,10,15,15.10.2022,3218535,911,46378,21,0.01,3025220,1239,146937,-349
2022,10,14,14.10.2022,3217624,1167,46357,19,0.01,3023981,1569,147286,-421
2022,10,13,13.10.2022,3216457,1268,46338,17,0.01,3022412,1683,147707,-432
2022,10,12,12.10.2022,3215189,1561,46321,20,0.01,3020729,1942,148139,-401
2022,10,11,11.10.2022,3213628,880,46301,22,0.01,3018787,2541,148540,-1683
2022,10,10,10.10.2022,3212748,887,46279,21,0.01,3016246,1450,150223,-584
2022,10,9,09.10.2022,3211861,1266,46258,23,0.02,3014796,1585,150807,-342
2022,10,8,08.10.2022,3210595,1553,46235,22,0.01,3013211,2282,151149,-751
2022,10,7,07.10.2022,3209042,1624,46213,23,0.02,3010929,2247,151900,-646
2022,10,6,06.10.2022,3207418,1962,46190,26,0.02,3008682,3367,152546,-1431
2022,10,5,05.10.2022,3205456,2512,46164,30,0.02,3005315,3565,153977,-1083
2022,10,4,04.10.2022,3202944,1442,46134,28,0.02,3001750,4040,155060,-2626
2022,10,3,03.10.2022,3201502,1528,46106,24,0.02,2997710,2275,157686,-771
2022,10,2,02.10.2022,3199974,2205,46082,26,0.02,2995435,2250,158457,-71
2022,10,1,01.10.2022,3197769,2221,46056,24,0.02,2993185,3446,158528,-1249
2022,9,30,30.09.2022,3195548,3341,46032,28,0.02,2989739,4963,159777,-1650
2022,9,29,29.09.2022,3192207,3216,46004,27,0.02,2984776,6013,161427,-2824
2022,9,28,28.09.2022,3188991,4041,45977,29,0.02,2978763,6019,164251,-2007
2022,9,27,27.09.2022,3184950,2089,45948,28,0.02,2972744,6716,166258,-4655
2022,9,26,26.09.2022,3182861,2438,45920,27,0.02,2966028,4354,170913,-1943
2022,9,25,25.09.2022,3180423,3409,45893,29,0.02,2961674,4038,172856,-658
2022,9,24,24.09.2022,3177014,4101,45864,31,0.02,2957636,5554,173514,-1484
2022,9,23,23.09.2022,3172913,4923,45833,28,0.02,2952082,7046,174998,-2151
2022,9,22,22.09.2022,3167990,5994,45805,29,0.02,2945036,8789,177149,-2824
2022,9,21,21.09.2022,3161996,6647,45776,30,0.02,2936247,9112,179973,-2495
2022,9,20,20.09.2022,3155349,4171,45746,21,0.01,2927135,8690,182468,-4540
2022,9,19,19.09.2022,3151178,4115,45725,27,0.01,2918445,4997,187008,-909
2022,9,18,18.09.2022,3147063,5884,45698,29,0.02,2913448,5144,187917,711
2022,9,17,17.09.2022,3141179,7077,45669,28,0.01,2908304,6836,187206,213
2022,9,16,16.09.2022,3134102,8799,45641,31,0.02,2901468,6384,186993,2384
2022,9,15,15.09.2022,3125303,9079,45610,29,0.02,2895084,6356,184609,2694
2022,9,14,14.09.2022,3116224,8610,45581,26,0.01,2888728,7939,181915,645
2022,9,13,13.09.2022,3107614,4946,45555,30,0.02,2880789,8561,181270,-3645
2022,9,12,12.09.2022,3102668,5133,45525,28,0.02,2872228,3737,184915,1368
2022,9,11,11.09.2022,3097535,6856,45497,29,0.02,2868491,3991,183547,2836
2022,9,10,10.09.2022,3090679,6325,45468,31,0.02,2864500,5656,180711,638
2022,9,9,09.09.2022,3084354,6525,45437,28,0.02,2858844,5115,180073,1382
2022,9,8,08.09.2022,3077829,7896,45409,30,0.02,2853729,6616,178691,1250
2022,9,7,07.09.2022,3069933,8400,45379,34,0.02,2847113,7150,177441,1216
2022,9,6,06.09.2022,3061533,3916,45345,32,0.02,2839963,8383,176225,-4499
2022,9,5,05.09.2022,3057617,4006,45313,31,0.02,2831580,4690,180724,-715
2022,9,4,04.09.2022,3053611,4425,45282,33,0.02,2826890,5163,181439,-771
2022,9,3,03.09.2022,3049186,6634,45249,34,0.02,2821727,6248,182210,352
2022,9,2,02.09.2022,3042552,6205,45215,32,0.02,2815479,6918,181858,-745
2022,9,1,01.09.2022,3036347,7242,45183,33,0.02,2808561,7550,182603,-341
2022,8,31,31.08.2022,3029105,8518,45150,31,0.02,2801011,8696,182944,-209
2022,8,30,30.08.2022,3020587,4405,45119,32,0.02,2792315,9442,183153,-5069
2022,8,29,29.08.2022,3016182,5157,45087,34,0.02,2782873,5073,188222,50
2022,8,28,28.08.2022,3011025,6451,45053,32,0.02,2777800,5038,188172,1381
2022,8,27,27.08.2022,3004574,6915,45021,35,0.02,2772762,7469,186791,-589
2022,8,26,26.08.2022,2997659,7602,44986,31,0.02,2765293,8292,187380,-721
2022,8,25,25.08.2022,2990057,8874,44955,25,0.01,2757001,8574,188101,275
2022,8,24,24.08.2022,2981183,9414,44930,27,0.01,2748427,9192,187826,195
2022,8,23,23.08.2022,2971769,4997,44903,28,0.01,2739235,10249,187631,-5280
2022,8,22,22.08.2022,2966772,5172,44875,22,0.01,2728986,6023,192911,-873
2022,8,21,21.08.2022,2961600,7431,44853,23,0.01,2722963,5902,193784,1506
2022,8,20,20.08.2022,2954169,8259,44830,25,0.01,2717061,6653,192278,1581
2022,8,19,19.08.2022,2945910,8555,44805,24,0.01,2710408,6830,190697,1701
2022,8,18,18.08.2022,2937355,9080,44781,17,0.01,2703578,7355,188996,1708
2022,8,17,17.08.2022,2928275,10241,44764,21,0.01,2696223,7820,187288,2400
2022,8,16,16.08.2022,2918034,5530,44743,23,0.01,2688403,8531,184888,-3024
2022,8,15,15.08.2022,2912504,5734,44720,22,0.01,2679872,5446,187912,266
2022,8,14,14.08.2022,2906770,7020,44698,21,0.01,2674426,4752,187646,2247
2022,8,13,13.08.2022,2899750,7147,44677,23,0.01,2669674,6113,185399,1011
2022,8,12,12.08.2022,2892603,7381,44654,20,0.01,2663561,5955,184388,1406
2022,8,11,11.08.2022,2885222,7899,44634,16,0.01,2657606,6202,182982,1681
2022,8,10,10.08.2022,2877323,8608,44618,18,0.01,2651404,6022,181301,2568
2022,8,9,09.08.2022,2868715,4781,44600,17,0.01,2645382,5711,178733,-947
2022,8,8,08.08.2022,2863934,5241,44583,18,0.01,2639671,2845,179680,2378
2022,8,7,07.08.2022,2858693,6110,44565,19,0.01,2636826,3022,177302,3069
2022,8,6,06.08.2022,2852583,5997,44546,17,0.01,2633804,3803,174233,2177
2022,8,5,05.08.2022,2846586,6149,44529,15,0.01,2630001,3896,172056,2238
2022,8,4,04.08.2022,2840437,5973,44514,10,0.01,2626105,3690,169818,2273
2022,8,3,03.08.2022,2834464,5720,44504,12,0.01,2622415,4465,167545,1243
2022,8,2,02.08.2022,2828744,2765,44492,14,0.01,2617950,3640,166302,-889
2022,8,1,01.08.2022,2825979,3062,44478,12,0.01,2614310,2231,167191,819
2022,7,31,31.07.2022,2822917,3773,44466,13,0.01,2612079,2075,166372,1685
2022,7,30,30.07.2022,2819144,3888,44453,9,0.01,2610004,2223,164687,1656
2022,7,29,29.07.2022,2815256,3682,44444,11,0.01,2607781,1902,163031,1769
2022,7,28,28.07.2022,2811574,4477,44433,14,0.01,2605879,1829,161262,2634
2022,7,27,27.07.2022,2807097,3673,44419,13,0.01,2604050,1753,158628,1907
2022,7,26,26.07.2022,2803424,2037,44406,13,0.01,2602297,1692,156721,332
2022,7,25,25.07.2022,2801387,2133,44393,7,0.0,2600605,789,156389,1337
2022,7,24,24.07.2022,2799254,2386,44386,12,0.01,2599816,911,155052,1463
2022,7,23,23.07.2022,2796868,1871,44374,7,0.0,2598905,925,153589,939
2022,7,22,22.07.2022,2794997,1787,44367,9,0.01,2597980,973,152650,805
2022,7,21,21.07.2022,2793210,1763,44358,10,0.01,2597007,875,151845,878
2022,7,20,20.07.2022,2791447,1670,44348,8,0.01,2596132,989,150967,673
2022,7,19,19.07.2022,2789777,790,44340,11,0.01,2595143,994,150294,-215
2022,7,18,18.07.2022,2788987,926,44329,7,0.0,2594149,554,150509,365
2022,7,17,17.07.2022,2788061,918,44322,10,0.01,2593595,518,150144,390
2022,7,16,16.07.2022,2787143,975,44312,9,0.01,2593077,585,149754,381
2022,7,15,15.07.2022,2786168,860,44303,6,0.0,2592492,586,149373,268
2022,7,14,14.07.2022,2785308,987,44297,10,0.01,2591906,594,149105,383
2022,7,13,13.07.2022,2784321,972,44287,8,0.01,2591312,610,148722,354
2022,7,12,12.07.2022,2783349,559,44279,13,0.01,2590702,560,148368,-14
2022,7,11,11.07.2022,2782790,514,44266,9,0.01,2590142,357,148382,148
2022,7,10,10.07.2022,2782276,574,44257,12,0.01,2589785,330,148234,232
2022,7,9,09.07.2022,2781702,600,44245,7,0.0,2589455,345,148002,248
2022,7,8,08.07.2022,2781102,556,44238,8,0.01,2589110,397,147754,151
2022,7,7,07.07.2022,2780546,607,44230,10,0.01,2588713,356,147603,241
2022,7,6,06.07.2022,2779939,555,44220,11,0.01,2588357,358,147362,186
2022,7,5,05.07.2022,2779384,339,44209,14,0.01,2587999,373,147176,-48
2022,7,4,04.07.2022,2779045,328,44195,12,0.01,2587626,228,147224,88
2022,7,3,03.07.2022,2778717,371,44183,13,0.01,2587398,206,147136,152
2022,7,2,02.07.2022,2778346,396,44170,15,0.01,2587192,237,146984,144
2022,7,1,01.07.2022,2777950,340,44155,14,0.01,2586955,226,146840,100
2022,6,30,30.06.2022,2777610,361,44141,13,0.01,2586729,229,146740,119
2022,6,29,29.06.2022,2777249,375,44128,14,0.01,2586500,241,146621,120
2022,6,28,28.06.2022,2776874,217,44114,15,0.01,2586259,280,146501,-78
2022,6,27,27.06.2022,2776657,212,44099,13,0.01,2585979,153,146579,46
2022,6,26,26.06.2022,2776445,232,44086,15,0.01,2585826,166,146533,51
2022,6,25,25.06.2022,2776213,230,44071,14,0.01,2585660,177,146482,39
2022,6,24,24.06.2022,2775983,240,44057,15,0.01,2585483,221,146443,4
2022,6,23,23.06.2022,2775743,246,44042,13,0.01,2585262,258,146439,-25
2022,6,22,22.06.2022,2775497,256,44029,15,0.01,2585004,249,146464,-8
2022,6,21,21.06.2022,2775241,146,44014,14,0.01,2584755,191,146472,-59
2022,6,20,20.06.2022,2775095,161,44000,11,0.01,2584564,146,146531,4
2022,6,19,19.06.2022,2774934,172,43989,13,0.01,2584418,179,146527,-20
2022,6,18,18.06.2022,2774762,220,43976,14,0.01,2584239,191,146547,15
2022,6,17,17.06.2022,2774542,237,43962,15,0.01,2584048,224,146532,-2
2022,6,16,16.06.2022,2774305,270,43947,14,0.01,2583824,261,146534,-5
2022,6,15,15.06.2022,2774035,173,43933,12,0.01,2583563,272,146539,-111
2022,6,14,14.06.2022,2773862,142,43921,15,0.01,2583291,243,146650,-116
2022,6,13,13.06.2022,2773720,180,43906,11,0.01,2583048,198,146766,-29
2022,6,12,12.06.2022,2773540,217,43895,13,0.01,2582850,178,146795,26
2022,6,11,11.06.2022,2773323,220,43882,15,0.01,2582672,241,146769,-36
2022,6,10,10.06.2022,2773103,222,43867,14,0.01,2582431,276,146805,-68
2022,6,9,09.06.2022,2772881,226,43853,14,0.01,2582155,235,146873,-23
2022,6,8,08.06.2022,2772655,290,43839,15,0.01,2581920,322,146896,-47
2022,6,7,07.06.2022,2772365,167,43824,11,0.01,2581598,344,146943,-188
2022,6,6,06.06.2022,2772198,189,43813,14,0.01,2581254,211,147131,-36
2022,6,5,05.06.2022,2772009,185,43799,13,0.01,2581043,148,147167,24
2022,6,4,04.06.2022,2771824,272,43786,15,0.01,2580895,314,147143,-57
2022,6,3,03.06.2022,2771552,264,43771,14,0.01,2580581,288,147200,-38
2022,6,2,02.06.2022,2771288,353,43757,10,0.01,2580293,271,147238,72
2022,6,1,01.06.2022,2770935,367,43747,13,0.01,2580022,384,147166,-30
2022,5,31,31.05.2022,2770568,190,43734,14,0.01,2579638,308,147196,-132
2022,5,30,30.05.2022,2770378,191,43720,12,0.01,2579330,216,147328,-37
2022,5,29,29.05.2022,2770187,286,43708,11,0.01,2579114,177,147365,98
2022,5,28,28.05.2022,2769901,267,43697,13,0.01,2578937,221,147267,33
2022,5,27,27.05.2022,2769634,319,43684,12,0.01,2578716,361,147234,-54
2022,5,26,26.05.2022,2769315,368,43672,14,0.01,2578355,332,147288,22
2022,5,25,25.05.2022,2768947,370,43658,17,0.01,2578023,359,147266,-6
2022,5,24,24.05.2022,2768577,172,43641,15,0.01,2577664,359,147272,-202
2022,5,23,23.05.2022,2768405,229,43626,14,0.01,2577305,255,147474,-40
2022,5,22,22.05.2022,2768176,278,43612,13,0.01,2577050,285,147514,-20
2022,5,21,21.05.2022,2767898,337,43599,15,0.01,2576765,353,147534,-31
2022,5,20,20.05.2022,2767561,368,43584,14,0.01,2576412,429,147565,-75
2022,5,19,19.05.2022,2767193,365,43570,16,0.01,2575983,430,147640,-81
2022,5,18,18.05.2022,2766828,380,43554,17,0.01,2575553,359,147721,4
2022,5,17,17.05.2022,2766448,212,43537,19,0.01,2575194,248,147717,-55
2022,5,16,16.05.2022,2766236,288,43518,18,0.01,2574946,255,147772,15
2022,5,15,15.05.2022,2765948,335,43500,14,0.01,2574691,267,147757,54
2022,5,14,14.05.2022,2765613,402,43486,16,0.01,2574424,345,147703,41
2022,5,13,13.05.2022,2765211,474,43470,15,0.01,2574079,443,147662,16
2022,5,12,12.05.2022,2764737,294,43455,18,0.01,2573636,484,147646,-208
2022,5,11,11.05.2022,2764443,217,43437,16,0.01,2573152,395,147854,-194
2022,5,10,10.05.2022,2764226,237,43421,17,0.01,2572757,280,148048,-60
2022,5,9,09.05.2022,2763989,268,43404,19,0.01,2572477,250,148108,-1
2022,5,8,08.05.2022,2763721,396,43385,16,0.01,2572227,323,148109,57
2022,5,7,07.05.2022,2763325,387,43369,18,0.01,2571904,412,148052,-43
2022,5,6,06.05.2022,2762938,526,43351,19,0.01,2571492,493,148095,14
2022,5,5,05.05.2022,2762412,393,43332,16,0.01,2570999,622,148081,-245
2022,5,4,04.05.2022,2762019,282,43316,19,0.01,2570377,521,148326,-258
2022,5,3,03.05.2022,2761737,250,43297,18,0.01,2569856,482,148584,-250
2022,5,2,02.05.2022,2761487,334,43279,17,0.01,2569374,476,148834,-159
2022,5,1,01.05.2022,2761153,455,43262,19,0.01,2568898,424,148993,12
2022,4,30,30.04.2022,2760698,485,43243,18,0.01,2568474,616,148981,-149
2022,4,29,29.04.2022,2760213,570,43225,17,0.01,2567858,629,149130,-76
2022,4,28,28.04.2022,2759643,629,43208,18,0.01,2567229,536,149206,75
2022,4,27,27.04.2022,2759014,760,43190,16,0.01,2566693,537,149131,207
2022,4,26,26.04.2022,2758254,378,43174,19,0.01,2566156,844,148924,-485
2022,4,25,25.04.2022,2757876,455,43155,17,0.01,2565312,474,149409,-36
2022,4,24,24.04.2022,2757421,584,43138,18,0.01,2564838,447,149445,119
2022,4,23,23.04.2022,2756837,602,43120,15,0.01,2564391,695,149326,-108
2022,4,22,22.04.2022,2756235,644,43105,16,0.01,2563696,753,149434,-125
2022,4,21,21.04.2022,2755591,616,43089,18,0.01,2562943,614,149559,-16
2022,4,20,20.04.2022,2754975,749,43071,19,0.01,2562329,728,149575,2
2022,4,19,19.04.2022,2754226,416,43052,18,0.01,2561601,893,149573,-495
2022,4,18,18.04.2022,2753810,497,43034,17,0.01,2560708,665,150068,-185
2022,4,17,17.04.2022,2753313,603,43017,19,0.01,2560043,797,150253,-213
2022,4,16,16.04.2022,2752710,634,42998,16,0.01,2559246,824,150466,-206
2022,4,15,15.04.2022,2752076,766,42982,18,0.01,2558422,911,150672,-163
2022,4,14,14.04.2022,2751310,868,42964,17,0.01,2557511,956,150835,-105
2022,4,13,13.04.2022,2750442,933,42947,19,0.01,2556555,1017,150940,-103
2022,4,12,12.04.2022,2749509,489,42928,18,0.01,2555538,994,151043,-523
2022,4,11,11.04.2022,2749020,589,42910,19,0.01,2554544,698,151566,-128
2022,4,10,10.04.2022,2748431,742,42891,18,0.01,2553846,568,151694,156
2022,4,9,09.04.2022,2747689,801,42873,17,0.01,2553278,831,151538,-47
2022,4,8,08.04.2022,2746888,855,42856,19,0.01,2552447,812,151585,24
2022,4,7,07.04.2022,2746033,1004,42837,20,0.01,2551635,1042,151561,-58
2022,4,6,06.04.2022,2745029,1072,42817,18,0.01,2550593,1221,151619,-167
2022,4,5,05.04.2022,2743957,596,42799,21,0.01,2549372,1110,151786,-535
2022,4,4,04.04.2022,2743361,698,42778,20,0.01,2548262,735,152321,-57
2022,4,3,03.04.2022,2742663,835,42758,22,0.01,2547527,745,152378,68
2022,4,2,02.04.2022,2741828,994,42736,21,0.01,2546782,907,152310,66
2022,4,1,01.04.2022,2740834,1038,42715,19,0.01,2545875,901,152244,118
2022,3,31,31.03.2022,2739796,1130,42696,22,0.01,2544974,1015,152126,93
2022,3,30,30.03.2022,2738666,1165,42674,21,0.01,2543959,1157,152033,-13
2022,3,29,29.03.2022,2737501,708,42653,23,0.02,2542802,1333,152046,-648
2022,3,28,28.03.2022,2736793,703,42630,20,0.01,2541469,1005,152694,-322
2022,3,27,27.03.2022,2736090,867,42610,22,0.01,2540464,526,153016,319
2022,3,26,26.03.2022,2735223,925,42588,23,0.02,2539938,893,152697,9
2022,3,25,25.03.2022,2734298,1086,42565,25,0.02,2539045,886,152688,175
2022,3,24,24.03.2022,2733212,1163,42540,26,0.02,2538159,1045,152513,92
2022,3,23,23.03.2022,2732049,1306,42514,28,0.02,2537114,1262,152421,16
2022,3,22,22.03.2022,2730743,723,42486,30,0.02,2535852,1709,152405,-1016
2022,3,21,21.03.2022,2730020,771,42456,29,0.02,2534143,1098,153421,-356
2022,3,20,20.03.2022,2729249,928,42427,31,0.02,2533045,988,153777,-91
2022,3,19,19.03.2022,2728321,927,42396,30,0.02,2532057,1593,153868,-696
2022,3,18,18.03.2022,2727394,1130,42366,38,0.02,2530464,2079,154564,-987
2022,3,17,17.03.2022,2726264,1352,42328,42,0.03,2528385,2005,155551,-695
2022,3,16,16.03.2022,2724912,1621,42286,40,0.03,2526380,1526,156246,55
2022,3,15,15.03.2022,2723291,999,42246,41,0.03,2524854,1358,156191,-400
2022,3,14,14.03.2022,2722292,957,42205,44,0.03,2523496,1061,156591,-148
2022,3,13,13.03.2022,2721335,1437,42161,49,0.03,2522435,1212,156739,176
2022,3,12,12.03.2022,2719898,1655,42112,52,0.03,2521223,1825,156563,-222
2022,3,11,11.03.2022,2718243,2102,42060,58,0.04,2519398,2233,156785,-189
2022,3,10,10.03.2022,2716141,1215,42002,57,0.04,2517165,2591,156974,-1433
2022,3,9,09.03.2022,2714926,1292,41945,59,0.04,2514574,2667,158407,-1434
2022,3,8,08.03.2022,2713634,1151,41886,64,0.04,2511907,2956,159841,-1869
2022,3,7,07.03.2022,2712483,1542,41822,68,0.04,2508951,2415,161710,-941
2022,3,6,06.03.2022,2710941,1901,41754,75,0.05,2506536,2338,162651,-512
2022,3,5,05.03.2022,2709040,2060,41679,77,0.05,2504198,3069,163163,-1086
2022,3,4,04.03.2022,2706980,2463,41602,79,0.05,2501129,3638,164249,-1254
2022,3,3,03.03.2022,2704517,2683,41523,82,0.05,2497491,4694,165503,-2093
2022,3,2,02.03.2022,2701834,3024,41441,81,0.05,2492797,5203,167596,-2260
2022,3,1,01.03.2022,2698810,2066,41360,84,0.05,2487594,5673,169856,-3691
2022,2,28,28.02.2022,2696744,2584,41276,80,0.05,2481921,4358,173547,-1854
2022,2,27,27.02.2022,2694160,3050,41196,81,0.05,2477563,4550,175401,-1581
2022,2,26,26.02.2022,2691110,3947,41115,83,0.05,2473013,6258,176982,-2394
2022,2,25,25.02.2022,2687163,3333,41032,84,0.05,2466755,7459,179376,-4210
2022,2,24,24.02.2022,2683830,4730,40948,82,0.04,2459296,6401,183586,-1753
2022,2,23,23.02.2022,2679100,5664,40866,83,0.04,2452895,8996,185339,-3415
2022,2,22,22.02.2022,2673436,4250,40783,85,0.05,2443899,12820,188754,-8655
2022,2,21,21.02.2022,2669186,4997,40698,83,0.04,2431079,12622,197409,-7708
2022,2,20,20.02.2022,2664189,6388,40615,84,0.04,2418457,19481,205117,-13177
2022,2,19,19.02.2022,2657801,6874,40531,87,0.04,2398976,35764,218294,-28977
2022,2,18,18.02.2022,2650927,8308,40444,86,0.03,2363212,38981,247271,-30759
2022,2,17,17.02.2022,2642619,9705,40358,85,0.03,2324231,42439,278030,-32819
2022,2,16,16.02.2022,2632914,11262,40273,87,0.03,2281792,37779,310849,-26604
2022,2,15,15.02.2022,2621652,8160,40186,84,0.02,2244013,29967,337453,-21891
2022,2,14,14.02.2022,2613492,9616,40102,82,0.02,2214046,28915,359344,-19381
2022,2,13,13.02.2022,2603876,12496,40020,86,0.02,2185131,24573,378725,-12163
2022,2,12,12.02.2022,2591380,14336,39934,85,0.02,2160558,20046,390888,-5795
2022,2,11,11.02.2022,2577044,18541,39849,81,0.02,2140512,21615,396683,-3155
2022,2,10,10.02.2022,2558503,22747,39768,84,0.02,2118897,24364,399838,-1701
2022,2,9,09.02.2022,2535756,11521,39684,82,0.02,2094533,25936,401539,-14497
2022,2,8,08.02.2022,2524235,12902,39602,85,0.02,2068597,20673,416036,-7856
2022,2,7,07.02.2022,2511333,15442,39517,83,0.02,2047924,13097,423892,2262
2022,2,6,06.02.2022,2495891,18856,39434,81,0.02,2034827,13022,421630,5753
2022,2,5,05.02.2022,2477035,22444,39353,82,0.02,2021805,13840,415877,8522
2022,2,4,04.02.2022,2454591,25019,39271,79,0.02,2007965,13805,407355,11135
2022,2,3,03.02.2022,2429572,26904,39192,76,0.02,1994160,12359,396220,14469
2022,2,2,02.02.2022,2402668,23784,39116,78,0.02,1981801,11475,381751,12231
2022,2,1,01.02.2022,2378884,21533,39038,76,0.02,1970326,7944,369520,13513
2022,1,31,31.01.2022,2357351,23417,38962,75,0.02,1962382,5805,356007,17537
2022,1,30,30.01.2022,2333934,24030,38887,77,0.02,1956577,5025,338470,18928
2022,1,29,29.01.2022,2309904,26488,38810,76,0.02,1951552,5410,319542,21002
2022,1,28,28.01.2022,2283416,23994,38734,74,0.02,1946142,5323,298540,18597
2022,1,27,27.01.2022,2259422,26586,38660,72,0.03,1940819,5465,279943,21049
2022,1,26,26.01.2022,2232836,19856,38588,74,0.03,1935354,4338,258894,15444
2022,1,25,25.01.2022,2212980,18935,38514,75,0.03,1931016,3999,243450,14861
2022,1,24,24.01.2022,2194045,19509,38439,71,0.03,1927017,3231,228589,16207
2022,1,23,23.01.2022,2174536,17528,38368,73,0.03,1923786,2815,212382,14640
2022,1,22,22.01.2022,2157008,16094,38295,69,0.03,1920971,3025,197742,13000
2022,1,21,21.01.2022,2140914,15987,38226,72,0.04,1917946,2313,184742,13602
2022,1,20,20.01.2022,2124927,11557,38154,70,0.04,1915633,2307,171140,9180
2022,1,19,19.01.2022,2113370,8795,38084,71,0.04,1913326,1997,161960,6727
2022,1,18,18.01.2022,2104575,8342,38013,69,0.04,1911329,1838,155233,6435
2022,1,17,17.01.2022,2096233,7529,37944,67,0.05,1909491,1805,148798,5657
2022,1,16,16.01.2022,2088704,6480,37877,70,0.05,1907686,2371,143141,4039
2022,1,15,15.01.2022,2082224,6555,37807,68,0.05,1905315,2877,139102,3610
2022,1,14,14.01.2022,2075669,5712,37739,69,0.05,1902438,2888,135492,2755
2022,1,13,13.01.2022,2069957,5490,37670,71,0.05,1899550,2857,132737,2562
2022,1,12,12.01.2022,2064467,4008,37599,66,0.05,1896693,2826,130175,1116
2022,1,11,11.01.2022,2060459,4635,37533,68,0.05,1893867,2692,129059,1875
2022,1,10,10.01.2022,2055824,2778,37465,70,0.06,1891175,2097,127184,611
2022,1,9,09.01.2022,2053046,3274,37395,71,0.06,1889078,2058,126573,1145
2022,1,8,08.01.2022,2049772,3072,37324,69,0.06,1887020,2060,125428,943
2022,1,7,07.01.2022,2046700,3694,37255,72,0.06,1884960,2223,124485,1399
2022,1,6,06.01.2022,2043006,2357,37183,67,0.05,1882737,2238,123086,52
2022,1,5,05.01.2022,2040649,2307,37116,71,0.06,1880499,2648,123034,-412
2022,1,4,04.01.2022,2038342,1967,37045,68,0.06,1877851,2274,123446,-375
2022,1,3,03.01.2022,2036375,1335,36977,70,0.06,1875577,2291,123821,-1026
2022,1,2,02.01.2022,2035040,1824,36907,69,0.06,1873286,2232,124847,-477
2022,1,1,01.01.2022,2033216,2472,36838,67,0.05,1871054,2358,125324,47
2021,12,31,31.12.2021,2030744,2739,36771,69,0.06,1868696,2726,125277,-56
2021,12,30,30.12.2021,2028005,2661,36702,71,0.06,1865970,2495,125333,95
2021,12,29,29.12.2021,2025344,1798,36631,70,0.06,1863475,2653,125238,-925
2021,12,28,28.12.2021,2023546,1705,36561,73,0.06,1860822,3111,126163,-1479
2021,12,27,27.12.2021,2021841,2239,36488,68,0.05,1857711,2628,127642,-457
2021,12,26,26.12.2021,2019602,2180,36420,71,0.06,1855083,2763,128099,-654
2021,12,25,25.12.2021,2017422,2714,36349,72,0.06,1852320,3108,128753,-466
2021,12,24,24.12.2021,2014708,2126,36277,75,0.06,1849212,2772,129219,-721
2021,12,23,23.12.2021,2012582,3062,36202,77,0.06,1846440,3292,129940,-307
2021,12,22,22.12.2021,2009520,1904,36125,81,0.06,1843148,3119,130247,-1296
2021,12,21,21.12.2021,2007616,1906,36044,80,0.06,1840029,3155,131543,-1329
2021,12,20,20.12.2021,2005710,2630,35964,78,0.06,1836874,2642,132872,-90
2021,12,19,19.12.2021,2003080,3013,35886,81,0.06,1834232,2661,132962,271
2021,12,18,18.12.2021,2000067,2283,35805,79,0.06,1831571,2936,132691,-732
2021,12,17,17.12.2021,1997784,2755,35726,83,0.06,1828635,3509,133423,-837
2021,12,16,16.12.2021,1995029,3322,35643,85,0.06,1825126,3040,134260,197
2021,12,15,15.12.2021,1991707,2459,35558,87,0.06,1822086,3066,134063,-694
2021,12,14,14.12.2021,1989248,1976,35471,89,0.07,1819020,3436,134757,-1549
2021,12,13,13.12.2021,1987272,2894,35382,84,0.06,1815584,3016,136306,-206
2021,12,12,12.12.2021,1984378,2862,35298,88,0.06,1812568,3494,136512,-720
2021,12,11,11.12.2021,1981516,3140,35210,86,0.06,1809074,3584,137232,-530
2021,12,10,10.12.2021,1978376,3477,35124,89,0.06,1805490,3372,137762,16
2021,12,9,09.12.2021,1974899,2948,35035,92,0.07,1802118,3171,137746,-315
2021,12,8,08.12.2021,1971951,3004,34943,90,0.07,1798947,3007,138061,-93
2021,12,7,07.12.2021,1968947,2573,34853,94,0.07,1795940,2969,138154,-490
2021,12,6,06.12.2021,1966374,3134,34759,91,0.07,1792971,2753,138644,290
2021,12,5,05.12.2021,1963240,3301,34668,92,0.07,1790218,3184,138354,25
2021,12,4,04.12.2021,1959939,3356,34576,93,0.07,1787034,3718,138329,-455
2021,12,3,03.12.2021,1956583,3304,34483,95,0.07,1783316,3600,138784,-391
2021,12,2,02.12.2021,1953279,3805,34388,92,0.07,1779716,3634,139175,79
2021,12,1,01.12.2021,1949474,2757,34296,94,0.07,1776082,3728,139096,-1065
2021,11,30,30.11.2021,1946717,2788,34202,97,0.07,1772354,3816,140161,-1125
2021,11,29,29.11.2021,1943929,3434,34105,93,0.07,1768538,3703,141286,-362
2021,11,28,28.11.2021,1940495,3086,34012,95,0.07,1764835,4138,141648,-1147
2021,11,27,27.11.2021,1937409,3430,33917,96,0.07,1760697,5116,142795,-1782
2021,11,26,26.11.2021,1933979,3929,33821,94,0.07,1755581,5136,144577,-1301
2021,11,25,25.11.2021,1930050,3349,33727,92,0.06,1750445,5161,145878,-1904
2021,11,24,24.11.2021,1926701,2533,33635,93,0.06,1745284,5393,147782,-2953
2021,11,23,23.11.2021,1924168,2749,33542,96,0.06,1739891,5351,150735,-2698
2021,11,22,22.11.2021,1921419,2786,33446,94,0.06,1734540,5539,153433,-2847
2021,11,21,21.11.2021,1918633,3438,33352,97,0.06,1729001,6081,156280,-2740
2021,11,20,20.11.2021,1915195,3239,33255,93,0.06,1722920,6487,159020,-3341
2021,11,19,19.11.2021,1911956,3371,33162,95,0.06,1716433,6562,162361,-3286
2021,11,18,18.11.2021,1908585,4062,33067,94,0.06,1709871,7204,165647,-3236
2021,11,17,17.11.2021,1904523,2966,32973,96,0.06,1702667,7477,168883,-4607
2021,11,16,16.11.2021,1901557,2606,32877,97,0.06,1695190,7387,173490,-4878
2021,11,15,15.11.2021,1898951,3789,32780,93,0.05,1687803,6364,178368,-2668
2021,11,14,14.11.2021,1895162,3734,32687,95,0.05,1681439,6473,181036,-2834
2021,11,13,13.11.2021,1891428,4185,32592,97,0.05,1674966,6597,183870,-2509
2021,11,12,12.11.2021,1887243,5183,32495,96,0.05,1668369,6952,186379,-1865
2021,11,11,11.11.2021,1882060,6240,32399,94,0.05,1661417,5505,188244,641
2021,11,10,10.11.2021,1875820,3927,32305,98,0.05,1655912,7549,187603,-3720
2021,11,9,09.11.2021,1871893,5287,32207,95,0.05,1648363,7257,191323,-2065
2021,11,8,08.11.2021,1866606,4982,32112,97,0.05,1641106,5262,193388,-377
2021,11,7,07.11.2021,1861624,4975,32015,96,0.05,1635844,5238,193765,-359
2021,11,6,06.11.2021,1856649,6880,31919,98,0.05,1630606,5958,194124,824
2021,11,5,05.11.2021,1849769,6407,31821,93,0.05,1624648,6024,193300,290
2021,11,4,04.11.2021,1843362,6305,31728,97,0.05,1618624,6633,193010,-425
2021,11,3,03.11.2021,1837057,6827,31631,95,0.05,1611991,6628,193435,104
2021,11,2,02.11.2021,1830230,5736,31536,98,0.05,1605363,6359,193331,-721
2021,11,1,01.11.2021,1824494,7103,31438,96,0.05,1599004,5257,194052,1750
2021,10,31,31.10.2021,1817391,7603,31342,94,0.05,1593747,5050,192302,2459
2021,10,30,30.10.2021,1809788,7267,31248,97,0.05,1588697,5506,189843,1664
2021,10,29,29.10.2021,1802521,7511,31151,93,0.05,1583191,5134,188179,2284
2021,10,28,28.10.2021,1795010,8440,31058,95,0.05,1578057,5232,185895,3113
2021,10,27,27.10.2021,1786570,5789,30963,91,0.05,1572825,4471,182782,1227
2021,10,26,26.10.2021,1780781,6074,30872,86,0.05,1568354,3924,181555,2064
2021,10,25,25.10.2021,1774707,7778,30786,83,0.05,1564430,3892,179491,3803
2021,10,24,24.10.2021,1766929,5279,30703,84,0.05,1560538,3817,175688,1378
2021,10,23,23.10.2021,1761650,7803,30619,82,0.05,1556721,3986,174310,3735
2021,10,22,22.10.2021,1753847,8166,30537,79,0.05,1552735,4162,170575,3925
2021,10,21,21.10.2021,1745681,7897,30458,77,0.05,1548573,4272,166650,3548
2021,10,20,20.10.2021,1737784,5847,30381,76,0.05,1544301,4157,163102,1614
2021,10,19,19.10.2021,1731937,5700,30305,73,0.05,1540144,3988,161488,1639
2021,10,18,18.10.2021,1726237,6823,30232,69,0.04,1536156,3237,159849,3517
2021,10,17,17.10.2021,1719414,6740,30163,70,0.04,1532919,3206,156332,3464
2021,10,16,16.10.2021,1712674,6545,30093,72,0.05,1529713,3637,152868,2836
2021,10,15,15.10.2021,1706129,6631,30021,69,0.05,1526076,3756,150032,2806
2021,10,14,14.10.2021,1699498,6712,29952,72,0.05,1522320,3136,147226,3504
2021,10,13,13.10.2021,1692786,4410,29880,72,0.05,1519184,2567,143722,1771
2021,10,12,12.10.2021,1688376,4699,29808,70,0.05,1516617,2477,141951,2152
2021,10,11,11.10.2021,1683677,5002,29738,71,0.05,1514140,2284,139799,2647
2021,10,10,10.10.2021,1678675,4610,29667,72,0.05,1511856,2177,137152,2361
2021,10,9,09.10.2021,1674065,6001,29595,70,0.05,1509679,2211,134791,3720
2021,10,8,08.10.2021,1668064,4595,29525,71,0.05,1507468,2288,131071,2236
2021,10,7,07.10.2021,1663469,5404,29454,69,0.05,1505180,2347,128835,2988
2021,10,6,06.10.2021,1658065,3589,29385,71,0.06,1502833,2399,125847,1119
2021,10,5,05.10.2021,1654476,3827,29314,72,0.06,1500434,2251,124728,1504
2021,10,4,04.10.2021,1650649,4410,29242,66,0.05,1498183,1956,123224,2388
2021,10,3,03.10.2021,1646239,4294,29176,65,0.05,1496227,1885,120836,2344
2021,10,2,02.10.2021,1641945,4032,29111,67,0.06,1494342,2116,118492,1849
2021,10,1,01.10.2021,1637913,3993,29044,64,0.05,1492226,2189,116643,1740
2021,9,30,30.09.2021,1633920,3998,28980,62,0.05,1490037,2237,114903,1699
2021,9,29,29.09.2021,1629922,3004,28918,65,0.06,1487800,1938,113204,1001
2021,9,28,28.09.2021,1626918,2541,28853,63,0.06,1485862,1886,112203,592
2021,9,27,27.09.2021,1624377,3387,28790,61,0.05,1483976,1560,111611,1766
2021,9,26,26.09.2021,1620990,3275,28729,59,0.05,1482416,1213,109845,2003
2021,9,25,25.09.2021,1617715,3211,28670,63,0.06,1481203,1245,107842,1903
2021,9,24,24.09.2021,1614504,2893,28607,56,0.05,1479958,1277,105939,1560
2021,9,23,23.09.2021,1611611,3445,28551,54,0.05,1478681,1331,104379,2060
2021,9,22,22.09.2021,1608166,1991,28497,50,0.05,1477350,1353,102319,588
2021,9,21,21.09.2021,1606175,1926,28447,52,0.05,1475997,1300,101731,574
2021,9,20,20.09.2021,1604249,2469,28395,48,0.05,1474697,1223,101157,1198
2021,9,19,19.09.2021,1601780,2376,28347,49,0.05,1473474,1215,99959,1112
2021,9,18,18.09.2021,1599404,2746,28298,51,0.05,1472259,1280,98847,1415
2021,9,17,17.09.2021,1596658,2537,28247,42,0.04,1470979,1359,97432,1136
2021,9,16,16.09.2021,1594121,2479,28205,45,0.05,1469620,1469,96296,965
2021,9,15,15.09.2021,1591642,1838,28160,49,0.05,1468151,1430,95331,359
2021,9,14,14.09.2021,1589804,1609,28111,47,0.05,1466721,1362,94972,200
2021,9,13,13.09.2021,1588195,2022,28064,41,0.04,1465359,1259,94772,722
2021,9,12,12.09.2021,1586173,1592,28023,42,0.04,1464100,1247,94050,303
2021,9,11,11.09.2021,1584581,1940,27981,46,0.05,1462853,1317,93747,577
2021,9,10,10.09.2021,1582641,1566,27935,48,0.05,1461536,1443,93170,75
2021,9,9,09.09.2021,1581075,1801,27887,52,0.06,1460093,1461,93095,288
2021,9,8,08.09.2021,1579274,1269,27835,48,0.05,1458632,1513,92807,-292
2021,9,7,07.09.2021,1578005,1187,27787,45,0.05,1457119,1441,93099,-299
2021,9,6,06.09.2021,1576818,1463,27742,46,0.05,1455678,1278,93398,139
2021,9,5,05.09.2021,1575355,1542,27696,48,0.05,1454400,1158,93259,336
2021,9,4,04.09.2021,1573813,1549,27648,55,0.06,1453242,1356,92923,138
2021,9,3,03.09.2021,1572264,1633,27593,50,0.05,1451886,1556,92785,27
2021,9,2,02.09.2021,1570631,1864,27543,51,0.05,1450330,1686,92758,127
2021,9,1,01.09.2021,1568767,1229,27492,47,0.05,1448644,1936,92631,-754
2021,8,31,31.08.2021,1567538,1162,27445,44,0.05,1446708,1914,93385,-796
2021,8,30,30.08.2021,1566376,1424,27401,50,0.05,1444794,1839,94181,-465
2021,8,29,29.08.2021,1564952,1444,27351,52,0.05,1442955,1789,94646,-397
2021,8,28,28.08.2021,1563508,1498,27299,55,0.06,1441166,2040,95043,-597
2021,8,27,27.08.2021,1562010,1509,27244,51,0.05,1439126,2297,95640,-839
2021,8,26,26.08.2021,1560501,1712,27193,54,0.06,1436829,2463,96479,-805
2021,8,25,25.08.2021,1558789,1402,27139,52,0.05,1434366,2299,97284,-949
2021,8,24,24.08.2021,1557387,1105,27087,56,0.06,1432067,2148,98233,-1099
2021,8,23,23.08.2021,1556282,1458,27031,53,0.05,1429919,2006,99332,-601
2021,8,22,22.08.2021,1554824,1661,26978,51,0.05,1427913,2140,99933,-530
2021,8,21,21.08.2021,1553163,1852,26927,55,0.05,1425773,2544,100463,-747
2021,8,20,20.08.2021,1551311,1925,26872,52,0.05,1423229,2599,101210,-726
2021,8,19,19.08.2021,1549386,2142,26820,54,0.05,1420630,2805,101936,-717
2021,8,18,18.08.2021,1547244,1590,26766,59,0.06,1417825,3029,102653,-1498
2021,8,17,17.08.2021,1545654,2006,26707,56,0.05,1414796,2467,104151,-517
2021,8,16,16.08.2021,1543648,1489,26651,54,0.05,1412329,2152,104668,-717
2021,8,15,15.08.2021,1542159,1954,26597,58,0.06,1410177,2454,105385,-558
2021,8,14,14.08.2021,1540205,2317,26539,57,0.05,1407723,2844,105943,-584
2021,8,13,13.08.2021,1537888,2529,26482,59,0.06,1404879,3043,106527,-573
2021,8,12,12.08.2021,1535359,2294,26423,56,0.05,1401836,3329,107100,-1091
2021,8,11,11.08.2021,1533065,2076,26367,58,0.05,1398507,3222,108191,-1204
2021,8,10,10.08.2021,1530989,1639,26309,61,0.06,1395285,3072,109395,-1494
2021,8,9,09.08.2021,1529350,2150,26248,59,0.05,1392213,2618,110889,-527
2021,8,8,08.08.2021,1527200,2761,26189,63,0.06,1389595,3052,111416,-354
2021,8,7,07.08.2021,1524439,2235,26126,67,0.06,1386543,3576,111770,-1408
2021,8,6,06.08.2021,1522204,2583,26059,65,0.06,1382967,4043,113178,-1525
2021,8,5,05.08.2021,1519621,3227,25994,68,0.06,1378924,4477,114703,-1318
2021,8,4,04.08.2021,1516394,2502,25926,76,0.07,1374447,4302,116021,-1876
2021,8,3,03.08.2021,1513892,1952,25850,71,0.06,1370145,3759,117897,-1878
2021,8,2,02.08.2021,1511940,3330,25779,75,0.06,1366386,2881,119775,374
2021,8,1,01.08.2021,1508610,2484,25704,78,0.07,1363505,3475,119401,-1069
2021,7,31,31.07.2021,1506126,3514,25626,73,0.06,1360030,4159,120470,-718
2021,7,30,30.07.2021,1502612,3481,25553,76,0.06,1355871,4574,121188,-1169
2021,7,29,29.07.2021,1499131,3356,25477,79,0.06,1351297,5060,122357,-1783
2021,7,28,28.07.2021,1495775,2445,25398,93,0.07,1346237,5131,124140,-2779
2021,7,27,27.07.2021,1493330,2623,25305,98,0.08,1341106,4912,126919,-2387
2021,7,26,26.07.2021,1490707,2629,25207,101,0.08,1336194,4580,129306,-2052
2021,7,25,25.07.2021,1488078,3406,25106,103,0.08,1331614,5482,131358,-2179
2021,7,24,24.07.2021,1484672,3376,25003,105,0.08,1326132,6577,133537,-3306
2021,7,23,23.07.2021,1481296,3425,24898,107,0.08,1319555,7010,136843,-3692
2021,7,22,22.07.2021,1477871,4287,24791,102,0.07,1312545,7587,140535,-3402
2021,7,21,21.07.2021,1473584,3254,24689,104,0.07,1304958,8006,143937,-4856
2021,7,20,20.07.2021,1470330,3188,24585,101,0.07,1296952,7968,148793,-4881
2021,7,19,19.07.2021,1467142,4007,24484,103,0.07,1288984,7665,153674,-3761
2021,7,18,18.07.2021,1463135,4357,24381,106,0.07,1281319,7283,157435,-3032
2021,7,17,17.07.2021,1458778,4561,24275,102,0.06,1274036,7643,160467,-3184
2021,7,16,16.07.2021,1454217,5382,24173,105,0.06,1266393,8032,163651,-2755
2021,7,15,15.07.2021,1448835,5237,24068,101,0.06,1258361,7855,166406,-2719
2021,7,14,14.07.2021,1443598,3966,23967,109,0.06,1250506,7519,169125,-3662
2021,7,13,13.07.2021,1439632,4991,23858,103,0.06,1242987,7290,172787,-2402
2021,7,12,12.07.2021,1434641,5403,23755,107,0.06,1235697,7096,175189,-1800
2021,7,11,11.07.2021,1429238,5410,23648,110,0.06,1228601,6835,176989,-1535
2021,7,10,10.07.2021,1423828,5694,23538,108,0.06,1221766,7035,178524,-1449
2021,7,9,09.07.2021,1418134,6643,23430,102,0.06,1214731,7231,179973,-690
2021,7,8,08.07.2021,1411491,6040,23328,109,0.06,1207500,6805,180663,-874
2021,7,7,07.07.2021,1405451,5621,23219,104,0.06,1200695,6488,181537,-971
2021,7,6,06.07.2021,1399830,5498,23115,114,0.06,1194207,6019,182508,-635
2021,7,5,05.07.2021,1394332,6557,23001,106,0.06,1188188,5648,183143,803
2021,7,4,04.07.2021,1387775,7624,22895,111,0.06,1182540,5747,182340,1766
2021,7,3,03.07.2021,1380151,7446,22784,116,0.06,1176793,5869,180574,1461
2021,7,2,02.07.2021,1372705,6893,22668,112,0.06,1170924,6271,179113,510
2021,7,1,01.07.2021,1365812,7597,22556,108,0.06,1164653,5934,178603,1555
2021,6,30,30.06.2021,1358215,5823,22448,117,0.07,1158719,5574,177048,132
2021,6,29,29.06.2021,1352392,6209,22331,121,0.07,1153145,4854,176916,1234
2021,6,28,28.06.2021,1346183,7246,22210,124,0.07,1148291,4433,175682,2689
2021,6,27,27.06.2021,1338937,6723,22086,114,0.07,1143858,4018,172993,2591
2021,6,26,26.06.2021,1332214,8457,21972,96,0.06,1139840,4260,170402,4101
2021,6,25,25.06.2021,1323757,7916,21876,98,0.06,1135580,4558,166301,3260
2021,6,24,24.06.2021,1315841,8598,21778,92,0.06,1131022,4057,163041,4449
2021,6,23,23.06.2021,1307243,6534,21686,88,0.06,1126965,3670,158592,2776
2021,6,22,22.06.2021,1300709,6555,21598,86,0.06,1123295,3458,155816,3011
2021,6,21,21.06.2021,1294154,7584,21512,79,0.05,1119837,3098,152805,4407
2021,6,20,20.06.2021,1286570,8305,21433,81,0.05,1116739,2945,148398,5279
2021,6,19,19.06.2021,1278265,9120,21352,76,0.05,1113794,3395,143119,5649
2021,6,18,18.06.2021,1269145,9056,21276,78,0.06,1110399,3784,137470,5194
2021,6,17,17.06.2021,1260089,6195,21198,73,0.06,1106615,3636,132276,2486
2021,6,16,16.06.2021,1253894,5782,21125,75,0.06,1102979,3381,129790,2326
2021,6,15,15.06.2021,1248112,6805,21050,71,0.06,1099598,3045,127464,3689
2021,6,14,14.06.2021,1241307,6590,20979,72,0.06,1096553,2815,123775,3703
2021,6,13,13.06.2021,1234717,7704,20907,69,0.06,1093738,3038,120072,4597
2021,6,12,12.06.2021,1227013,6701,20838,67,0.06,1090700,2725,115475,3909
2021,6,11,11.06.2021,1220312,5853,20771,60,0.05,1087975,3061,111566,2732
2021,6,10,10.06.2021,1214459,5245,20711,63,0.06,1084914,2671,108834,2511
2021,6,9,09.06.2021,1209214,4124,20648,58,0.05,1082243,2311,106323,1755
2021,6,8,08.06.2021,1205090,3817,20590,62,0.06,1079932,2018,104568,1737
2021,6,7,07.06.2021,1201273,3266,20528,59,0.06,1077914,1568,102831,1639
2021,6,6,06.06.2021,1198007,2936,20469,61,0.06,1076346,1741,101192,1134
2021,6,5,05.06.2021,1195071,2897,20408,56,0.06,1074605,2180,100058,661
2021,6,4,04.06.2021,1192174,2817,20352,58,0.06,1072425,2318,99397,441
2021,6,3,03.06.2021,1189357,2876,20294,57,0.06,1070107,2682,98956,137
2021,6,2,02.06.2021,1186481,2842,20237,60,0.06,1067425,2567,98819,215
2021,6,1,01.06.2021,1183639,3669,20177,62,0.06,1064858,2393,98604,1214
2021,5,31,31.05.2021,1179970,2614,20115,55,0.06,1062465,1877,97390,682
2021,5,30,30.05.2021,1177356,3719,20060,59,0.06,1060588,2547,96708,1113
2021,5,29,29.05.2021,1173637,3241,20001,61,0.06,1058041,2911,95595,269
2021,5,28,28.05.2021,1170396,3274,19940,56,0.06,1055130,2998,95326,220
2021,5,27,27.05.2021,1167122,3105,19884,58,0.06,1052132,2886,95106,161
2021,5,26,26.05.2021,1164017,2416,19826,62,0.07,1049246,2520,94945,-166
2021,5,25,25.05.2021,1161601,2075,19764,57,0.06,1046726,2208,95111,-190
2021,5,24,24.05.2021,1159526,2487,19707,59,0.06,1044518,1730,95301,698
2021,5,23,23.05.2021,1157039,2924,19648,56,0.06,1042788,2028,94603,840
2021,5,22,22.05.2021,1154115,2653,19592,60,0.06,1040760,2428,93763,165
2021,5,21,21.05.2021,1151462,2954,19532,58,0.06,1038332,2593,93598,303
2021,5,20,20.05.2021,1148508,3312,19474,55,0.06,1035739,2877,93295,380
2021,5,19,19.05.2021,1145196,2096,19419,61,0.07,1032862,2663,92915,-628
2021,5,18,18.05.2021,1143100,2430,19358,59,0.06,1030199,2364,93543,7
2021,5,17,17.05.2021,1140670,3573,19299,57,0.06,1027835,2041,93536,1475
2021,5,16,16.05.2021,1137097,2789,19242,56,0.06,1025794,2414,92061,319
2021,5,15,15.05.2021,1134308,3073,19186,58,0.06,1023380,2697,91742,318
2021,5,14,14.05.2021,1131235,3818,19128,60,0.07,1020683,2943,91424,815
2021,5,13,13.05.2021,1127417,2787,19068,55,0.06,1017740,2643,90609,89
2021,5,12,12.05.2021,1124630,2718,19013,59,0.07,1015097,2394,90520,265
2021,5,11,11.05.2021,1121912,2628,18954,61,0.07,1012703,2051,90255,516
2021,5,10,10.05.2021,1119284,2896,18893,56,0.06,1010652,1976,89739,864
2021,5,9,09.05.2021,1116388,2828,18837,58,0.07,1008676,2134,88875,636
2021,5,8,08.05.2021,1113560,2765,18779,57,0.06,1006542,2482,88239,226
2021,5,7,07.05.2021,1110795,2846,18722,60,0.07,1004060,2262,88013,524
2021,5,6,06.05.2021,1107949,2114,18662,59,0.07,1001798,2056,87489,-1
2021,5,5,05.05.2021,1105835,2432,18603,56,0.06,999742,1785,87490,591
2021,5,4,04.05.2021,1103403,2050,18547,61,0.07,997957,1584,86899,405
2021,5,3,03.05.2021,1101353,2635,18486,58,0.07,996373,1408,86494,1169
2021,5,2,02.05.2021,1098718,2699,18428,54,0.06,994965,1617,85325,1028
2021,5,1,01.05.2021,1096019,3208,18374,59,0.07,993348,1929,84297,1220
2021,4,30,30.04.2021,1092811,2662,18315,57,0.07,991419,2008,83077,597
2021,4,29,29.04.2021,1090149,3215,18258,56,0.07,989411,1954,82480,1205
2021,4,28,28.04.2021,1086934,1840,18202,54,0.07,987457,1688,81275,98
2021,4,27,27.04.2021,1085094,2098,18148,58,0.07,985769,1423,81177,617
2021,4,26,26.04.2021,1082996,2687,18090,55,0.07,984346,1125,80560,1507
2021,4,25,25.04.2021,1080309,2526,18035,53,0.07,983221,1339,79053,1134
2021,4,24,24.04.2021,1077783,2541,17982,59,0.08,981882,1879,77919,603
2021,4,23,23.04.2021,1075242,2502,17923,57,0.07,980003,2123,77316,322
2021,4,22,22.04.2021,1072740,2704,17866,54,0.07,977880,1907,76994,743
2021,4,21,21.04.2021,1070036,1988,17812,58,0.08,975973,1744,76251,186
2021,4,20,20.04.2021,1068048,1996,17754,56,0.07,974229,1583,76065,357
2021,4,19,19.04.2021,1066052,2279,17698,59,0.08,972646,1089,75708,1131
2021,4,18,18.04.2021,1063773,2252,17639,53,0.07,971557,1237,74577,962
2021,4,17,17.04.2021,1061521,2822,17586,58,0.08,970320,1638,73615,1126
2021,4,16,16.04.2021,1058699,2476,17528,57,0.08,968682,1901,72489,518
2021,4,15,15.04.2021,1056223,2455,17471,59,0.08,966781,1944,71971,452
2021,4,14,14.04.2021,1053768,1837,17412,52,0.07,964837,1751,71519,34
2021,4,13,13.04.2021,1051931,1782,17360,58,0.08,963086,1694,71485,30
2021,4,12,12.04.2021,1050149,1833,17302,54,0.08,961392,1221,71455,558
2021,4,11,11.04.2021,1048316,2090,17248,56,0.08,960171,1388,70897,646
2021,4,10,10.04.2021,1046226,2006,17192,53,0.08,958783,1646,70251,307
2021,4,9,09.04.2021,1044220,2421,17139,57,0.08,957137,1989,69944,375
2021,4,8,08.04.2021,1041799,2024,17082,55,0.08,955148,1746,69569,223
2021,4,7,07.04.2021,1039775,1585,17027,51,0.07,953402,1551,69346,-17
2021,4,6,06.04.2021,1038190,1747,16976,54,0.08,951851,1193,69363,500
2021,4,5,05.04.2021,1036443,1876,16922,50,0.07,950658,815,68863,1011
2021,4,4,04.04.2021,1034567,1901,16872,56,0.08,949843,998,67852,847
2021,4,3,03.04.2021,1032666,2011,16816,52,0.08,948845,1151,67005,808
2021,4,2,02.04.2021,1030655,1764,16764,57,0.09,947694,1324,66197,383
2021,4,1,01.04.2021,1028891,2151,16707,51,0.08,946370,1632,65814,468
2021,3,31,31.03.2021,1026740,1286,16656,53,0.08,944738,1537,65346,-304
2021,3,30,30.03.2021,1025454,1291,16603,56,0.09,943201,1165,65650,70
2021,3,29,29.03.2021,1024163,1612,16547,49,0.07,942036,844,65580,719
2021,3,28,28.03.2021,1022551,1878,16498,52,0.08,941192,1151,64861,675
2021,3,27,27.03.2021,1020673,1551,16446,54,0.08,940041,1368,64186,129
2021,3,26,26.03.2021,1019122,1813,16392,55,0.09,938673,1551,64057,207
2021,3,25,25.03.2021,1017309,1787,16337,49,0.08,937122,1722,63850,16
2021,3,24,24.03.2021,1015522,1431,16288,53,0.08,935400,1593,63834,-215
2021,3,23,23.03.2021,1014091,1042,16235,51,0.08,933807,1379,64049,-388
2021,3,22,22.03.2021,1013049,1586,16184,56,0.09,932428,1132,64437,398
2021,3,21,21.03.2021,1011463,1511,16128,50,0.08,931296,1371,64039,90
2021,3,20,20.03.2021,1009952,1728,16078,54,0.08,929925,1769,63949,-95
2021,3,19,19.03.2021,1008224,1809,16024,51,0.08,928156,1902,64044,-144
2021,3,18,18.03.2021,1006415,1934,15973,48,0.07,926254,1760,64188,126
2021,3,17,17.03.2021,1004481,1201,15925,53,0.08,924494,1595,64062,-447
2021,3,16,16.03.2021,1003280,1533,15872,57,0.09,922899,1475,64509,1
2021,3,15,15.03.2021,1001747,1353,15815,51,0.08,921424,1036,64508,266
2021,3,14,14.03.2021,1000394,1905,15764,55,0.09,920388,1110,64242,740
2021,3,13,13.03.2021,998489,1600,15709,52,0.08,919278,1469,63502,79
2021,3,12,12.03.2021,996889,1610,15657,56,0.09,917809,1605,63423,-51
2021,3,11,11.03.2021,995279,1281,15601,54,0.09,916204,1578,63474,-351
2021,3,10,10.03.2021,993998,1116,15547,51,0.08,914626,1453,63825,-388
2021,3,9,09.03.2021,992882,1066,15496,49,0.08,913173,1027,64213,-10
2021,3,8,08.03.2021,991816,1421,15447,53,0.08,912146,1037,64223,331
2021,3,7,07.03.2021,990395,1534,15394,47,0.07,911109,1417,63892,70
2021,3,6,06.03.2021,988861,1820,15347,50,0.08,909692,1922,63822,-152
2021,3,5,05.03.2021,987041,1757,15297,54,0.08,907770,2249,63974,-546
2021,3,4,04.03.2021,985284,2150,15243,51,0.08,905521,2421,64520,-322
2021,3,3,03.03.2021,983134,1284,15192,46,0.07,903100,2065,64842,-827
2021,3,2,02.03.2021,981850,1277,15146,49,0.07,901035,1796,65669,-568
2021,3,1,01.03.2021,980573,2097,15097,42,0.06,899239,1541,66237,514
2021,2,28,28.02.2021,978476,1737,15055,48,0.07,897698,1819,65723,-130
2021,2,27,27.02.2021,976739,1825,15007,41,0.06,895879,2008,65853,-224
2021,2,26,26.02.2021,974914,1336,14966,45,0.07,893871,2423,66077,-1132
2021,2,25,25.02.2021,973578,1406,14921,47,0.07,891448,2092,67209,-733
2021,2,24,24.02.2021,972172,1417,14874,43,0.06,889356,1719,67942,-345
2021,2,23,23.02.2021,970755,1198,14831,49,0.07,887637,1364,68287,-215
2021,2,22,22.02.2021,969557,1723,14782,41,0.06,886273,1658,68502,24
2021,2,21,21.02.2021,967834,1602,14741,52,0.08,884615,1807,68478,-257
2021,2,20,20.02.2021,966232,1623,14689,58,0.08,882808,2041,68735,-476
2021,2,19,19.02.2021,964609,1972,14631,53,0.08,880767,2112,69211,-193
2021,2,18,18.02.2021,962637,1950,14578,55,0.08,878655,2514,69404,-619
2021,2,17,17.02.2021,960687,1282,14523,59,0.08,876141,2243,70023,-1020
2021,2,16,16.02.2021,959405,1409,14464,60,0.08,873898,2062,71043,-713
2021,2,15,15.02.2021,957996,1818,14404,56,0.08,871836,1967,71756,-205
2021,2,14,14.02.2021,956178,1559,14348,58,0.08,869869,2089,71961,-588
2021,2,13,13.02.2021,954619,1963,14290,67,0.09,867780,2680,72549,-784
2021,2,12,12.02.2021,952656,2139,14223,63,0.09,865100,3184,73333,-1108
2021,2,11,11.02.2021,950517,2040,14160,61,0.08,861916,3558,74441,-1579
2021,2,10,10.02.2021,948477,1441,14099,68,0.09,858358,3633,76020,-2260
2021,2,9,09.02.2021,947036,1584,14031,73,0.09,854725,3554,78280,-2043
2021,2,8,08.02.2021,945452,1728,13958,62,0.08,851171,3349,80323,-1683
2021,2,7,07.02.2021,943724,2028,13896,64,0.08,847822,3657,82006,-1693
2021,2,6,06.02.2021,941696,2214,13832,60,0.07,844165,4333,83699,-2179
2021,2,5,05.02.2021,939482,2032,13772,71,0.08,839832,4664,85878,-2703
2021,2,4,04.02.2021,937450,2095,13701,67,0.08,835168,5324,88581,-3296
2021,2,3,03.02.2021,935355,1545,13634,65,0.07,829844,5221,91877,-3741
2021,2,2,02.02.2021,933810,1701,13569,74,0.08,824623,5012,95618,-3385
2021,2,1,01.02.2021,932109,2037,13495,61,0.06,819611,4883,99003,-2907
2021,1,31,31.01.2021,930072,2284,13434,66,0.06,814728,5502,101910,-3284
2021,1,30,30.01.2021,927788,2430,13368,68,0.06,809226,5584,105194,-3222
2021,1,29,29.01.2021,925358,2799,13300,63,0.06,803642,6180,108416,-3444
2021,1,28,28.01.2021,922559,2897,13237,62,0.06,797462,6142,111860,-3307
2021,1,27,27.01.2021,919662,1837,13175,75,0.07,791320,5924,115167,-4162
2021,1,26,26.01.2021,917825,2317,13100,70,0.06,785396,5572,119329,-3325
2021,1,25,25.01.2021,915508,2382,13030,61,0.05,779824,5274,122654,-2953
2021,1,24,24.01.2021,913126,3069,12969,74,0.06,774550,5117,125607,-2122
2021,1,23,23.01.2021,910057,2668,12895,64,0.05,769433,5933,127729,-3329
2021,1,22,22.01.2021,907389,3037,12831,72,0.05,763500,5629,131058,-2664
2021,1,21,21.01.2021,904352,3458,12759,69,0.05,757871,5220,133722,-1831
2021,1,20,20.01.2021,900894,2452,12690,65,0.05,752651,4770,135553,-2383
2021,1,19,19.01.2021,898442,3115,12625,84,0.06,747881,4532,137936,-1501
2021,1,18,18.01.2021,895327,3679,12541,73,0.05,743349,4009,139437,-403
2021,1,17,17.01.2021,891648,4012,12468,67,0.05,739340,4612,139840,-667
2021,1,16,16.01.2021,887636,4674,12401,79,0.06,734728,5639,140507,-1044
2021,1,15,15.01.2021,882962,5534,12322,81,0.06,729089,6602,141551,-1149
2021,1,14,14.01.2021,877428,5893,12241,68,0.05,722487,7049,142700,-1224
2021,1,13,13.01.2021,871535,4320,12173,76,0.05,715438,6870,143924,-2626
2021,1,12,12.01.2021,867215,5001,12097,72,0.05,708568,6778,146550,-1849
2021,1,11,11.01.2021,862214,4646,12025,75,0.05,701790,6684,148399,-2113
2021,1,10,10.01.2021,857568,4216,11950,77,0.05,695106,7045,150512,-2906
2021,1,9,09.01.2021,853352,4900,11873,74,0.05,688061,7302,153418,-2476
2021,1,8,08.01.2021,848452,5027,11799,71,0.05,680759,7067,155894,-2111
2021,1,7,07.01.2021,843425,4871,11728,76,0.05,673692,7410,158005,-2615
2021,1,6,06.01.2021,838554,5142,11652,70,0.04,666282,7206,160620,-2134
2021,1,5,05.01.2021,833412,4842,11582,75,0.05,659076,6752,162754,-1985
2021,1,4,04.01.2021,828570,3591,11507,74,0.04,652324,6401,164739,-2884
2021,1,3,03.01.2021,824979,3851,11433,77,0.05,645923,6114,167623,-2340
2021,1,2,02.01.2021,821128,5452,11356,76,0.04,639809,6107,169963,-731
2021,1,1,01.01.2021,815676,5907,11280,71,0.04,633702,6334,170694,-498
2020,12,31,31.12.2020,809769,6566,11209,73,0.04,627368,6076,171192,417
2020,12,30,30.12.2020,803203,5105,11136,72,0.04,621292,5896,170775,-863
2020,12,29,29.12.2020,798098,5641,11064,75,0.04,615396,5626,171638,-60
2020,12,28,28.12.2020,792457,6253,10989,76,0.04,609770,5166,171698,1011
2020,12,27,27.12.2020,786204,6620,10913,73,0.04,604604,5063,170687,1484
2020,12,26,26.12.2020,779584,7480,10840,77,0.05,599541,5602,169203,1801
2020,12,25,25.12.2020,772104,7315,10763,74,0.04,593939,5659,167402,1582
2020,12,24,24.12.2020,764789,8203,10689,76,0.05,588280,5508,165820,2619
2020,12,23,23.12.2020,756586,5652,10613,73,0.04,582772,5228,163201,351
2020,12,22,22.12.2020,750934,7237,10540,71,0.04,577544,5003,162850,2163
2020,12,21,21.12.2020,743697,7797,10469,75,0.05,572541,4798,160687,2924
2020,12,20,20.12.2020,735900,7263,10394,77,0.05,567743,4790,157763,2396
2020,12,19,19.12.2020,728637,6459,10317,74,0.05,562953,5925,155367,460
2020,12,18,18.12.2020,722178,6937,10243,72,0.05,557028,5821,154907,1044
2020,12,17,17.12.2020,715241,6711,10171,76,0.05,551207,5777,153863,858
2020,12,16,16.12.2020,708530,5028,10095,73,0.05,545430,5571,153005,-616
2020,12,15,15.12.2020,703502,5418,10022,77,0.05,539859,5307,153621,34
2020,12,14,14.12.2020,698084,5874,9945,75,0.05,534552,4932,153587,867
2020,12,13,13.12.2020,692210,6425,9870,72,0.05,529620,4841,152720,1512
2020,12,12,12.12.2020,685785,6622,9798,76,0.05,524779,5890,151208,656
2020,12,11,11.12.2020,679163,7215,9722,77,0.05,518889,5920,150552,1218
2020,12,10,10.12.2020,671948,6730,9645,74,0.05,512969,5820,149334,836
2020,12,9,09.12.2020,665218,5145,9571,75,0.05,507149,5746,148498,-676
2020,12,8,08.12.2020,660073,5232,9496,71,0.05,501403,5532,149174,-371
2020,12,7,07.12.2020,654841,7279,9425,76,0.05,495871,5027,149545,2176
2020,12,6,06.12.2020,647562,7512,9349,72,0.05,490844,5536,147369,1904
2020,12,5,05.12.2020,640050,7993,9277,74,0.05,485308,6584,145465,1335
2020,12,4,04.12.2020,632057,6868,9203,77,0.05,478724,6891,144130,-100
2020,12,3,03.12.2020,625189,7750,9126,73,0.05,471833,6849,144230,828
2020,12,2,02.12.2020,617439,5191,9053,75,0.05,464984,6575,143402,-1459
2020,12,1,01.12.2020,612248,6524,8978,76,0.05,458409,6225,144861,223
2020,11,30,30.11.2020,605724,6511,8902,74,0.05,452184,5073,144638,1364
2020,11,29,29.11.2020,599213,6798,8828,72,0.05,447111,5576,143274,1150
2020,11,28,28.11.2020,592415,7320,8756,76,0.05,441535,6633,142124,611
2020,11,27,27.11.2020,585095,7918,8680,77,0.05,434902,6484,141513,1357
2020,11,26,26.11.2020,577177,6075,8603,73,0.05,428418,6229,140156,-227
2020,11,25,25.11.2020,571102,4685,8530,75,0.05,422189,5947,140383,-1337
2020,11,24,24.11.2020,566417,5838,8455,76,0.05,416242,5601,141720,161
2020,11,23,23.11.2020,560579,6866,8379,71,0.05,410641,5064,141559,1731
2020,11,22,22.11.2020,553713,6575,8308,75,0.05,405577,5245,139828,1255
2020,11,21,21.11.2020,547138,7168,8233,74,0.05,400332,6080,138573,1014
2020,11,20,20.11.2020,539970,6902,8159,77,0.06,394252,5836,137559,989
2020,11,19,19.11.2020,533068,6438,8082,73,0.05,388416,5782,136570,583
2020,11,18,18.11.2020,526630,4174,8009,76,0.06,382634,5503,135987,-1405
2020,11,17,17.11.2020,522456,5882,7933,74,0.05,377131,5274,137392,534
2020,11,16,16.11.2020,516574,6360,7859,72,0.05,371857,4244,136858,2044
2020,11,15,15.11.2020,510214,6271,7787,75,0.06,367613,4266,134814,1930
2020,11,14,14.11.2020,503943,6427,7712,69,0.05,363347,4423,132884,1935
2020,11,13,13.11.2020,497516,5974,7643,70,0.05,358924,4219,130949,1685
2020,11,12,12.11.2020,491542,5997,7573,71,0.05,354705,3959,129264,1967
2020,11,11,11.11.2020,485545,4477,7502,73,0.06,350746,3857,127297,547
2020,11,10,10.11.2020,481068,5902,7429,68,0.05,346889,3663,126750,2171
2020,11,9,09.11.2020,475166,6897,7361,72,0.06,343226,3313,124579,3512
2020,11,8,08.11.2020,468269,5751,7289,74,0.06,339913,3254,121067,2423
2020,11,7,07.11.2020,462518,5829,7215,75,0.06,336659,3675,118644,2079
2020,11,6,06.11.2020,456689,6253,7140,69,0.06,332984,3783,116565,2401
2020,11,5,05.11.2020,450436,5255,7071,67,0.06,329201,3670,114164,1518
2020,11,4,04.11.2020,445181,5826,7004,68,0.06,325531,3852,112646,1906
2020,11,3,03.11.2020,439355,5150,6936,63,0.06,321679,3647,110740,1440
2020,11,2,02.11.2020,434205,4796,6873,53,0.05,318032,3241,109300,1502
2020,11,1,01.11.2020,429409,5261,6820,52,0.05,314791,3341,107798,1868
2020,10,31,31.10.2020,424148,4952,6768,55,0.05,311450,3634,105930,1263
2020,10,30,30.10.2020,419196,5268,6713,69,0.07,307816,3985,104667,1214
2020,10,29,29.10.2020,413928,4906,6644,66,0.06,303831,3780,103453,1060
2020,10,28,28.10.2020,409022,3670,6578,75,0.07,300051,3577,102393,18
2020,10,27,27.10.2020,405352,4312,6503,61,0.06,296474,3269,102375,982
2020,10,26,26.10.2020,401040,5224,6442,62,0.06,293205,2681,101393,2481
2020,10,25,25.10.2020,395816,4455,6380,68,0.07,290524,2614,98912,1773
2020,10,24,24.10.2020,391361,4453,6312,63,0.06,287910,2639,97139,1751
2020,10,23,23.10.2020,386908,5478,6249,62,0.06,285271,2779,95388,2637
2020,10,22,22.10.2020,381430,4413,6187,66,0.07,282492,2519,92751,1828
2020,10,21,21.10.2020,377017,4389,6121,63,0.07,279973,2365,90923,1961
2020,10,20,20.10.2020,372628,4999,6058,49,0.06,277608,1960,88962,2990
2020,10,19,19.10.2020,367629,5376,6009,51,0.06,275648,1767,85972,3558
2020,10,18,18.10.2020,362253,4610,5958,52,0.06,273881,1654,82414,2904
2020,10,17,17.10.2020,357643,4648,5906,56,0.07,272227,2001,79510,2591
2020,10,16,16.10.2020,352995,5049,5850,54,0.07,270226,1803,76919,3192
2020,10,15,15.10.2020,347946,3942,5796,57,0.08,268423,1953,73727,1932
2020,10,14,14.10.2020,344004,4573,5739,52,0.07,266470,1970,71795,2551
2020,10,13,13.10.2020,339431,4618,5687,58,0.08,264500,1750,69244,2810
2020,10,12,12.10.2020,334813,4395,5629,34,0.05,262750,1131,66434,3230
2020,10,11,11.10.2020,330418,4501,5595,35,0.06,261619,1186,63204,3280
2020,10,10,10.10.2020,325917,4105,5560,30,0.05,260433,1306,59924,2769
2020,10,9,09.10.2020,321812,3701,5530,33,0.06,259127,1424,57155,2244
2020,10,8,08.10.2020,318111,3323,5497,55,0.1,257703,1341,54911,1927
2020,10,7,07.10.2020,314788,3229,5442,41,0.08,256362,1262,52984,1926
2020,10,6,06.10.2020,311559,4082,5401,31,0.06,255100,1156,51058,2895
2020,10,5,05.10.2020,307477,3537,5370,27,0.06,253944,913,48163,2597
2020,10,4,04.10.2020,303940,3327,5343,29,0.06,253031,944,45566,2354
2020,10,3,03.10.2020,300613,2884,5314,32,0.07,252087,1069,43212,1783
2020,10,2,02.10.2020,297729,2704,5282,28,0.07,251018,1157,41429,1519
2020,10,1,01.10.2020,295025,2424,5254,24,0.06,249861,1211,39910,1189
2020,9,30,30.09.2020,292601,2308,5230,27,0.07,248650,1349,38721,932
2020,9,29,29.09.2020,290293,2300,5203,23,0.06,247301,1227,37789,1050
2020,9,28,28.09.2020,287993,2217,5180,16,0.04,246074,942,36739,1259
2020,9,27,27.09.2020,285776,2016,5164,18,0.05,245132,1126,35480,872
2020,9,26,26.09.2020,283760,1792,5146,17,0.05,244006,1123,34608,652
2020,9,25,25.09.2020,281968,1560,5129,14,0.04,242883,1227,33956,319
2020,9,24,24.09.2020,280408,1050,5115,15,0.04,241656,1304,33637,-269
2020,9,23,23.09.2020,279358,970,5100,16,0.05,240352,1226,33906,-272
2020,9,22,22.09.2020,278388,980,5084,15,0.04,239126,1191,34178,-226
2020,9,21,21.09.2020,277408,915,5069,12,0.03,237935,988,34404,-85
2020,9,20,20.09.2020,276493,860,5057,13,0.04,236947,892,34489,-45
2020,9,19,19.09.2020,275633,825,5044,11,0.03,236055,919,34534,-105
2020,9,18,18.09.2020,274808,805,5033,8,0.02,235136,1107,34639,-310
2020,9,17,17.09.2020,274003,730,5025,9,0.03,234029,1323,34949,-602
2020,9,16,16.09.2020,273273,750,5016,10,0.03,232706,1223,35551,-483
2020,9,15,15.09.2020,272523,730,5006,13,0.04,231483,1086,36034,-369
2020,9,14,14.09.2020,271793,696,4993,11,0.03,230397,824,36403,-139
2020,9,13,13.09.2020,271097,650,4982,14,0.04,229573,900,36542,-264
2020,9,12,12.09.2020,270447,670,4968,12,0.03,228673,1143,36806,-485
2020,9,11,11.09.2020,269777,698,4956,9,0.02,227530,1256,37291,-567
2020,9,10,10.09.2020,269079,695,4947,14,0.04,226274,1434,37858,-753
2020,9,9,09.09.2020,268384,642,4933,12,0.03,224840,1338,38611,-708
2020,9,8,08.09.2020,267742,695,4921,16,0.04,223502,1250,39319,-571
2020,9,7,07.09.2020,267047,690,4905,14,0.04,222252,882,39890,-206
2020,9,6,06.09.2020,266357,620,4891,13,0.03,221370,963,40096,-356
2020,9,5,05.09.2020,265737,671,4878,11,0.03,220407,1312,40452,-652
2020,9,4,04.09.2020,265066,692,4867,10,0.02,219095,1196,41104,-514
2020,9,3,03.09.2020,264374,690,4857,13,0.03,217899,1157,41618,-480
2020,9,2,02.09.2020,263684,625,4844,12,0.03,216742,1359,42098,-746
2020,9,1,01.09.2020,263059,641,4832,11,0.03,215383,1262,42844,-632
2020,8,31,31.08.2020,262418,685,4821,12,0.03,214121,916,43476,-243
2020,8,30,30.08.2020,261733,695,4809,11,0.03,213205,904,43719,-220
2020,8,29,29.08.2020,261038,677,4798,12,0.03,212301,1393,43939,-728
2020,8,28,28.08.2020,260361,654,4786,10,0.02,210908,1280,44667,-636
2020,8,27,27.08.2020,259707,637,4776,12,0.03,209628,1435,45303,-810
2020,8,26,26.08.2020,259070,640,4764,11,0.02,208193,1389,46113,-760
2020,8,25,25.08.2020,258430,681,4753,12,0.03,206804,1155,46873,-486
2020,8,24,24.08.2020,257749,625,4741,10,0.02,205649,863,47359,-248
2020,8,23,23.08.2020,257124,611,4731,11,0.02,204786,965,47607,-365
2020,8,22,22.08.2020,256513,687,4720,10,0.02,203821,1094,47972,-417
2020,8,21,21.08.2020,255826,690,4710,12,0.02,202727,1160,48389,-482
2020,8,20,20.08.2020,255136,688,4698,11,0.02,201567,1208,48871,-531
2020,8,19,19.08.2020,254448,691,4687,10,0.02,200359,1242,49402,-561
2020,8,18,18.08.2020,253757,693,4677,11,0.02,199117,1155,49963,-473
2020,8,17,17.08.2020,253064,690,4666,10,0.02,197962,819,50436,-139
2020,8,16,16.08.2020,252374,688,4656,11,0.02,197143,1045,50575,-368
2020,8,15,15.08.2020,251686,695,4645,12,0.02,196098,1275,50943,-592
2020,8,14,14.08.2020,250991,688,4633,11,0.02,194823,1350,51535,-673
2020,8,13,13.08.2020,250303,692,4622,11,0.02,193473,787,52208,-106
2020,8,12,12.08.2020,249611,689,4611,12,0.02,192686,1088,52314,-411
2020,8,11,11.08.2020,248922,694,4599,14,0.03,191598,1043,52725,-363
2020,8,10,10.08.2020,248228,694,4585,13,0.02,190555,898,53088,-217
2020,8,9,09.08.2020,247534,689,4572,12,0.02,189657,803,53305,-126
2020,8,8,08.08.2020,246845,691,4560,14,0.03,188854,1278,53431,-601
2020,8,7,07.08.2020,246154,686,4546,12,0.02,187576,1353,54032,-679
2020,8,6,06.08.2020,245468,684,4534,13,0.02,186223,1254,54711,-583
2020,8,5,05.08.2020,244784,687,4521,11,0.02,184969,1329,55294,-653
2020,8,4,04.08.2020,244097,691,4510,12,0.02,183640,1456,55947,-777
2020,8,3,03.08.2020,243406,693,4498,13,0.02,182184,842,56724,-162
2020,8,2,02.08.2020,242713,664,4485,12,0.02,181342,761,56886,-109
2020,8,1,01.08.2020,242049,690,4473,13,0.02,180581,1413,56995,-736
2020,7,31,31.07.2020,241359,695,4460,14,0.02,179168,1260,57731,-579
2020,7,30,30.07.2020,240664,678,4446,12,0.02,177908,1471,58310,-805
2020,7,29,29.07.2020,239986,671,4434,13,0.02,176437,625,59115,33
2020,7,28,28.07.2020,239315,674,4421,10,0.02,175812,827,59082,-163
2020,7,27,27.07.2020,238641,694,4411,13,0.02,174985,264,59245,417
2020,7,26,26.07.2020,237947,683,4398,9,0.02,174721,306,58828,368
2020,7,25,25.07.2020,237264,648,4389,14,0.02,174415,561,58460,73
2020,7,24,24.07.2020,236616,645,4375,11,0.02,173854,462,58387,172
2020,7,23,23.07.2020,235971,608,4364,14,0.02,173392,453,58215,141
2020,7,22,22.07.2020,235363,638,4350,19,0.03,172939,1168,58074,-549
2020,7,21,21.07.2020,234725,602,4331,17,0.03,171771,853,58623,-268
2020,7,20,20.07.2020,234123,578,4314,15,0.03,170918,379,58891,184
2020,7,19,19.07.2020,233545,591,4299,14,0.02,170539,359,58707,218
2020,7,18,18.07.2020,232954,578,4285,14,0.02,170180,543,58489,21
2020,7,17,17.07.2020,232376,575,4271,13,0.02,169637,682,58468,-120
2020,7,16,16.07.2020,231801,531,4258,24,0.04,168955,1145,58588,-638
2020,7,15,15.07.2020,231270,628,4234,29,0.05,167810,1844,59226,-1245
2020,7,14,14.07.2020,230642,613,4205,37,0.06,165966,1012,60471,-436
2020,7,13,13.07.2020,230029,672,4168,25,0.04,164954,394,60907,253
2020,7,12,12.07.2020,229357,679,4143,27,0.04,164560,465,60654,187
2020,7,11,11.07.2020,228678,678,4116,29,0.05,164095,1002,60467,-353
2020,7,10,10.07.2020,228000,637,4087,28,0.05,163093,1007,60820,-398
2020,7,9,09.07.2020,227363,568,4059,32,0.05,162086,1173,61218,-637
2020,7,8,08.07.2020,226795,621,4027,28,0.05,160913,1195,61855,-602
2020,7,7,07.07.2020,226174,629,3999,24,0.04,159718,2066,62457,-1461
2020,7,6,06.07.2020,225545,685,3975,22,0.03,157652,632,63918,31
2020,7,5,05.07.2020,224860,650,3953,24,0.04,157020,561,63887,65
2020,7,4,04.07.2020,224210,680,3929,25,0.04,156459,1620,63822,-965
2020,7,3,03.07.2020,223530,659,3904,34,0.05,154839,1591,64787,-966
2020,7,2,02.07.2020,222871,662,3870,39,0.06,153248,1055,65753,-432
2020,7,1,01.07.2020,222209,611,3831,35,0.05,152193,1796,66185,-1220
2020,6,30,30.06.2020,221598,745,3796,35,0.05,150397,2295,67405,-1585
2020,6,29,29.06.2020,220853,782,3761,23,0.03,148102,1007,68990,-248
2020,6,28,28.06.2020,220071,717,3738,24,0.03,147095,1052,69238,-359
2020,6,27,27.06.2020,219354,750,3714,20,0.03,146043,1852,69597,-1122
2020,6,26,26.06.2020,218604,813,3694,25,0.04,144191,1997,70719,-1209
2020,6,25,25.06.2020,217791,885,3669,12,0.02,142194,926,71928,-53
2020,6,24,24.06.2020,216906,811,3657,14,0.02,141268,2020,71981,-1223
2020,6,23,23.06.2020,216095,1081,3643,26,0.04,139248,2578,73204,-1523
2020,6,22,22.06.2020,215014,1068,3617,20,0.03,136670,1114,74727,-66
2020,6,21,21.06.2020,213946,968,3597,32,0.04,135556,1007,74793,-71
2020,6,20,20.06.2020,212978,1057,3565,34,0.05,134549,2115,74864,-1092
2020,6,19,19.06.2020,211921,1136,3531,48,0.06,132434,2003,75956,-915
2020,6,18,18.06.2020,210785,1040,3483,49,0.06,130431,2046,76871,-1055
2020,6,17,17.06.2020,209745,1065,3434,48,0.06,128385,2271,77926,-1254
2020,6,16,16.06.2020,208680,1416,3386,52,0.07,126114,2874,79180,-1510
2020,6,15,15.06.2020,207264,1359,3334,53,0.07,123240,1549,80690,-243
2020,6,14,14.06.2020,205905,1477,3281,50,0.06,121691,2133,80933,-706
2020,6,13,13.06.2020,204428,1493,3231,44,0.05,119558,1534,81639,-85
2020,6,12,12.06.2020,202935,1714,3187,49,0.06,118024,2255,81724,-590
2020,6,11,11.06.2020,201221,1436,3138,53,0.06,115769,2236,82314,-853
2020,6,10,10.06.2020,199785,1195,3085,56,0.07,113533,3796,83167,-2657
2020,6,9,09.06.2020,198590,1572,3029,59,0.07,109737,5390,85824,-3877
2020,6,8,08.06.2020,197018,2001,2970,51,0.06,104347,1633,89701,317
2020,6,7,07.06.2020,195017,1956,2919,55,0.06,102714,2283,89384,-382
2020,6,6,06.06.2020,193061,1992,2864,58,0.06,100431,3073,89766,-1139
2020,6,5,05.06.2020,191069,1855,2806,57,0.06,97358,2643,90905,-845
2020,6,4,04.06.2020,189214,1998,2749,64,0.07,94715,3061,91750,-1127
2020,6,3,03.06.2020,187216,1842,2685,61,0.07,91654,3385,92877,-1604
2020,6,2,02.06.2020,185374,2286,2624,71,0.08,88269,6030,94481,-3815
2020,6,1,01.06.2020,183088,2297,2553,76,0.08,82239,2060,98296,161
2020,5,31,31.05.2020,180791,2595,2477,69,0.07,80179,1855,98135,671
2020,5,30,30.05.2020,178196,2367,2408,78,0.08,78324,3599,97464,-1310
2020,5,29,29.05.2020,175829,2332,2330,76,0.08,74725,3474,98774,-1218
2020,5,28,28.05.2020,173497,2054,2254,71,0.07,71251,3793,99992,-1810
2020,5,27,27.05.2020,171443,2140,2183,73,0.07,67458,5839,101802,-3772
2020,5,26,26.05.2020,169303,2830,2110,76,0.07,61619,8033,105574,-5279
2020,5,25,25.05.2020,166473,2560,2034,41,0.04,53586,3746,110853,-1227
2020,5,24,24.05.2020,163913,2516,1993,59,0.05,49840,2427,112080,30
2020,5,23,23.05.2020,161397,3190,1934,67,0.06,47413,3831,112050,-708
2020,5,22,22.05.2020,158207,2988,1867,73,0.06,43582,2900,112758,15
2020,5,21,21.05.2020,155219,2913,1794,68,0.06,40682,3746,112743,-901
2020,5,20,20.05.2020,152306,2699,1726,75,0.07,36936,5440,113644,-2816
2020,5,19,19.05.2020,149607,3545,1651,71,0.06,31496,2583,116460,891
2020,5,18,18.05.2020,146062,3238,1580,77,0.07,28913,1423,115569,1738
2020,5,17,17.05.2020,142824,3855,1503,71,0.06,27490,1458,113831,2326
2020,5,16,16.05.2020,138969,3505,1432,74,0.07,26032,1470,111505,1961
2020,5,15,15.05.2020,135464,4748,1358,68,0.06,24562,1235,109544,3445
2020,5,14,14.05.2020,130716,4712,1290,58,0.05,23327,1821,106099,2833
2020,5,13,13.05.2020,126004,4703,1232,53,0.05,21506,1864,103266,2786
2020,5,12,12.05.2020,121301,5392,1179,55,0.05,19642,1820,100480,3517
2020,5,11,11.05.2020,115909,6169,1124,56,0.06,17822,4032,96963,2081
2020,5,10,10.05.2020,109740,5551,1068,58,0.06,13790,1011,94882,4482
2020,5,9,09.05.2020,104189,5667,1010,54,0.06,12779,2520,90400,3093
2020,5,8,08.05.2020,98522,5846,956,51,0.06,10259,1032,87307,4763
2020,5,7,07.05.2020,92676,6703,905,39,0.05,9227,769,82544,5895
2020,5,6,06.05.2020,85973,5858,866,50,0.07,8458,588,76649,5220
2020,5,5,05.05.2020,80115,5714,816,52,0.07,7870,297,71429,5365
2020,5,4,04.05.2020,74401,5795,764,35,0.05,7573,544,66064,5216
2020,5,3,03.05.2020,68606,5948,729,34,0.06,7029,655,60848,5259
2020,5,2,02.05.2020,62658,5358,695,37,0.07,6374,608,55589,4713
2020,5,1,01.05.2020,57300,3561,658,47,0.09,5766,631,50876,2883
2020,4,30,30.04.2020,53739,3093,611,65,0.14,5135,525,47993,2503
2020,4,29,29.04.2020,50646,2220,546,67,0.15,4610,480,45490,1673
2020,4,28,28.04.2020,48426,3075,479,44,0.1,4130,606,43817,2425
2020,4,27,27.04.2020,45351,2871,435,31,0.07,3524,349,41392,2491
2020,4,26,26.04.2020,42480,2971,404,38,0.1,3175,128,38901,2805
2020,4,25,25.04.2020,39509,2612,366,41,0.11,3047,312,36096,2259
2020,4,24,24.04.2020,36897,2957,325,37,0.11,2735,287,33837,2633
2020,4,23,23.04.2020,33940,1959,288,27,0.09,2448,181,31204,1751
2020,4,22,22.04.2020,31981,2548,261,28,0.1,2267,210,29453,2310
2020,4,21,21.04.2020,29433,3083,233,29,0.11,2057,219,27143,2835
2020,4,20,20.04.2020,26350,2026,204,28,0.12,1838,75,24308,1923
2020,4,19,19.04.2020,24324,3570,176,28,0.13,1763,84,22385,3458
2020,4,18,18.04.2020,20754,2649,148,21,0.11,1679,162,18927,2466
2020,4,17,17.04.2020,18105,1959,127,14,0.09,1517,123,16461,1822
2020,4,16,16.04.2020,16146,1370,113,7,0.05,1394,189,14639,1174
2020,4,15,15.04.2020,14776,1774,106,11,0.08,1205,189,13465,1574
2020,4,14,14.04.2020,13002,1489,95,13,0.11,1016,179,11891,1297
2020,4,13,13.04.2020,11513,1355,82,10,0.09,837,150,10594,1195
2020,4,12,12.04.2020,10158,1306,72,14,0.15,687,188,9399,1104
2020,4,11,11.04.2020,8852,1030,58,8,0.1,499,149,8295,873
2020,4,10,10.04.2020,7822,1124,50,12,0.16,350,37,7422,1075
2020,4,9,09.04.2020,6698,857,38,,,313,43,6347,814
2020,4,8,08.04.2020,5841,660,38,7,0.13,270,48,5533,605
2020,4,7,07.04.2020,5181,697,31,2,0.04,222,16,4928,679
2020,4,6,06.04.2020,4484,591,29,,,206,8,4249,583
2020,4,5,05.04.2020,3893,536,29,2,0.05,198,4,3666,530
2020,4,4,04.04.2020,3357,434,27,7,0.22,194,26,3136,401
2020,4,3,03.04.2020,2923,448,20,1,0.04,168,28,2735,419
2020,4,2,02.04.2020,2475,595,19,3,0.13,140,25,2316,567
2020,4,1,01.04.2020,1880,267,16,5,0.29,115,45,1749,217
2020,3,31,31.03.2020,1613,387,11,,,70,42,1532,345
2020,3,30,30.03.2020,1226,212,11,5,0.42,28,,1187,207
2020,3,29,29.03.2020,1014,197,6,1,0.1,28,,980,196
2020,3,28,28.03.2020,817,114,5,1,0.13,28,10,784,103
2020,3,27,27.03.2020,703,157,4,2,0.29,18,3,681,152
2020,3,26,26.03.2020,546,136,2,,,15,,529,136
2020,3,25,25.03.2020,410,120,2,2,0.51,15,6,393,112
2020,3,24,24.03.2020,290,28,,,,9,,281,28
2020,3,23,23.03.2020,262,71,,,,9,1,253,70
2020,3,22,22.03.2020,191,54,,,,8,,183,54
2020,3,21,21.03.2020,137,6,,,,8,7,129,-1
2020,3,20,20.03.2020,131,33,,,,1,,130,33
2020,3,19,19.03.2020,98,12,,,,1,,97,12
2020,3,18,18.03.2020,86,31,,,,1,,85,31
2020,3,17,17.03.2020,55,1,,,,1,,54,1
2020,3,16,16.03.2020,54,20,,,,1,,53,20
