date,cases_day,deaths_day,recovered_day,active_now,active_delta,total_cases,total_deaths,recovered_total,period_days
2020-03-27,,,,682,,703,3,18,
2020-03-28,114.0,1.0,0.0,795,113.0,817,4,18,1.0
2020-03-29,197.0,2.0,10.0,980,185.0,1014,6,28,1.0
2020-03-30,212.0,0.0,0.0,1192,212.0,1226,6,28,1.0
2020-03-31,387.0,5.0,42.0,1532,340.0,1613,11,70,1.0
2020-04-01,267.0,5.0,45.0,1749,217.0,1880,16,115,1.0
2020-04-02,595.0,3.0,25.0,2316,567.0,2475,19,140,1.0
2020-04-03,448.0,1.0,28.0,2735,419.0,2923,20,168,1.0
2020-04-04,434.0,7.0,26.0,3136,401.0,3357,27,194,1.0
2020-04-05,536.0,2.0,4.0,3666,530.0,3893,29,198,1.0
2020-04-06,591.0,0.0,8.0,4249,583.0,4484,29,206,1.0
2020-04-07,697.0,2.0,16.0,4928,679.0,5181,31,222,1.0
2020-04-08,660.0,0.0,48.0,5540,612.0,5841,31,270,1.0
2020-04-09,857.0,7.0,43.0,6347,807.0,6698,38,313,1.0
2020-04-10,1124.0,12.0,37.0,7422,1075.0,7822,50,350,1.0
2020-04-11,1030.0,8.0,149.0,8295,873.0,8852,58,499,1.0
2020-04-12,1306.0,14.0,188.0,9399,1104.0,10158,72,687,1.0
2020-04-13,1355.0,10.0,150.0,10594,1195.0,11513,82,837,1.0
2020-04-14,1489.0,13.0,179.0,11891,1297.0,13002,95,1016,1.0
2020-04-15,1774.0,11.0,189.0,13465,1574.0,14776,106,1205,1.0
2020-04-16,1370.0,7.0,189.0,14639,1174.0,16146,113,1394,1.0
2020-04-17,1959.0,14.0,123.0,16461,1822.0,18105,127,1517,1.0
2020-04-18,2649.0,21.0,162.0,18927,2466.0,20754,148,1679,1.0
2020-04-19,3570.0,28.0,84.0,22385,3458.0,24324,176,1763,1.0
2020-04-20,2026.0,28.0,75.0,24308,1923.0,26350,204,1838,1.0
2020-04-21,3083.0,29.0,219.0,27143,2835.0,29433,233,2057,1.0
2020-04-22,2548.0,28.0,210.0,29453,2310.0,31981,261,2267,1.0
2020-04-23,1959.0,27.0,181.0,31204,1751.0,33940,288,2448,1.0
2020-04-24,2957.0,37.0,287.0,33837,2633.0,36897,325,2735,1.0
2020-04-25,2612.0,41.0,312.0,36096,2259.0,39509,366,3047,1.0
2020-04-26,2971.0,38.0,128.0,38901,2805.0,42480,404,3175,1.0
2020-04-27,2871.0,31.0,349.0,41392,2491.0,45351,435,3524,1.0
2020-04-28,3075.0,44.0,606.0,43817,2425.0,48426,479,4130,1.0
2020-04-29,2220.0,67.0,480.0,45490,1673.0,50646,546,4610,1.0
2020-04-30,3093.0,65.0,525.0,47993,2503.0,53739,611,5135,1.0
2020-05-01,3561.0,47.0,631.0,50876,2883.0,57300,658,5766,1.0
2020-05-02,5358.0,37.0,608.0,55589,4713.0,62658,695,6374,1.0
2020-05-03,5948.0,34.0,655.0,60848,5259.0,68606,729,7029,1.0
2020-05-04,5795.0,35.0,544.0,66064,5216.0,74401,764,7573,1.0
2020-05-05,5714.0,52.0,297.0,71429,5365.0,80115,816,7870,1.0
2020-05-06,5858.0,50.0,588.0,76649,5220.0,85973,866,8458,1.0
2020-05-07,6703.0,39.0,769.0,82544,5895.0,92676,905,9227,1.0
2020-05-08,5846.0,51.0,1032.0,87307,4763.0,98522,956,10259,1.0
2020-05-09,5667.0,54.0,2520.0,90400,3093.0,104189,1010,12779,1.0
2020-05-10,5551.0,58.0,1011.0,94882,4482.0,109740,1068,13790,1.0
2020-05-11,6169.0,56.0,4032.0,96963,2081.0,115909,1124,17822,1.0
2020-05-12,5392.0,55.0,1820.0,100480,3517.0,121301,1179,19642,1.0
2020-05-13,4703.0,53.0,1864.0,103266,2786.0,126004,1232,21506,1.0
2020-05-14,4712.0,58.0,1821.0,106099,2833.0,130716,1290,23327,1.0
2020-05-15,4748.0,68.0,1235.0,109544,3445.0,135464,1358,24562,1.0
2020-05-16,3505.0,74.0,1470.0,111505,1961.0,138969,1432,26032,1.0
2020-05-17,3855.0,71.0,1458.0,113831,2326.0,142824,1503,27490,1.0
2020-05-18,3238.0,77.0,1423.0,115569,1738.0,146062,1580,28913,1.0
2020-05-19,3545.0,71.0,2583.0,116460,891.0,149607,1651,31496,1.0
2020-05-20,2699.0,75.0,5440.0,113644,-2816.0,152306,1726,36936,1.0
2020-05-21,2913.0,68.0,3746.0,112743,-901.0,155219,1794,40682,1.0
2020-05-22,2988.0,73.0,2900.0,112758,15.0,158207,1867,43582,1.0
2020-05-23,3190.0,67.0,3831.0,112050,-708.0,161397,1934,47413,1.0
2020-05-24,2516.0,59.0,2427.0,112080,30.0,163913,1993,49840,1.0
2020-05-25,2560.0,41.0,3746.0,110853,-1227.0,166473,2034,53586,1.0
2020-05-26,2830.0,76.0,8033.0,105574,-5279.0,169303,2110,61619,1.0
2020-05-27,2140.0,73.0,5839.0,101802,-3772.0,171443,2183,67458,1.0
2020-05-28,2054.0,71.0,3793.0,99992,-1810.0,173497,2254,71251,1.0
2020-05-29,2332.0,76.0,3474.0,98774,-1218.0,175829,2330,74725,1.0
2020-05-30,2367.0,78.0,3599.0,97464,-1310.0,178196,2408,78324,1.0
2020-05-31,2595.0,69.0,1855.0,98135,671.0,180791,2477,80179,1.0
2020-06-01,2297.0,76.0,2060.0,98296,161.0,183088,2553,82239,1.0
2020-06-02,2286.0,71.0,6030.0,94481,-3815.0,185374,2624,88269,1.0
2020-06-03,1842.0,61.0,3385.0,92877,-1604.0,187216,2685,91654,1.0
2020-06-04,1998.0,64.0,3061.0,91750,-1127.0,189214,2749,94715,1.0
2020-06-05,1855.0,57.0,2643.0,90905,-845.0,191069,2806,97358,1.0
2020-06-06,1992.0,58.0,3073.0,89766,-1139.0,193061,2864,100431,1.0
2020-06-07,1956.0,55.0,2283.0,89384,-382.0,195017,2919,102714,1.0
2020-06-08,2001.0,51.0,1633.0,89701,317.0,197018,2970,104347,1.0
2020-06-09,1572.0,59.0,5390.0,85824,-3877.0,198590,3029,109737,1.0
2020-06-10,1195.0,56.0,3796.0,83167,-2657.0,199785,3085,113533,1.0
2020-06-11,1436.0,53.0,2236.0,82314,-853.0,201221,3138,115769,1.0
2020-06-12,1714.0,49.0,2255.0,81724,-590.0,202935,3187,118024,1.0
2020-06-13,1493.0,44.0,1534.0,81639,-85.0,204428,3231,119558,1.0
2020-06-14,1477.0,50.0,2133.0,80933,-706.0,205905,3281,121691,1.0
2020-06-15,1359.0,53.0,1549.0,80690,-243.0,207264,3334,123240,1.0
2020-06-16,1416.0,52.0,2874.0,79180,-1510.0,208680,3386,126114,1.0
2020-06-17,1065.0,48.0,2271.0,77926,-1254.0,209745,3434,128385,1.0
2020-06-18,1040.0,49.0,2046.0,76871,-1055.0,210785,3483,130431,1.0
2020-06-19,1136.0,48.0,2003.0,75956,-915.0,211921,3531,132434,1.0
2020-06-20,1057.0,34.0,2115.0,74864,-1092.0,212978,3565,134549,1.0
2020-06-21,968.0,32.0,1007.0,74793,-71.0,213946,3597,135556,1.0
2020-06-22,1068.0,20.0,1114.0,74727,-66.0,215014,3617,136670,1.0
2020-06-23,1081.0,26.0,2578.0,73204,-1523.0,216095,3643,139248,1.0
2020-06-24,811.0,14.0,2020.0,71981,-1223.0,216906,3657,141268,1.0
2020-06-25,885.0,12.0,926.0,71928,-53.0,217791,3669,142194,1.0
2020-06-26,813.0,25.0,1997.0,70719,-1209.0,218604,3694,144191,1.0
2020-06-27,750.0,20.0,1852.0,69597,-1122.0,219354,3714,146043,1.0
2020-06-28,717.0,24.0,1052.0,69238,-359.0,220071,3738,147095,1.0
2020-06-29,782.0,23.0,1007.0,68990,-248.0,220853,3761,148102,1.0
2020-06-30,745.0,35.0,2295.0,67405,-1585.0,221598,3796,150397,1.0
2020-07-01,611.0,35.0,1796.0,66185,-1220.0,222209,3831,152193,1.0
2020-07-02,662.0,39.0,1055.0,65753,-432.0,222871,3870,153248,1.0
2020-07-03,659.0,34.0,1591.0,64787,-966.0,223530,3904,154839,1.0
2020-07-04,680.0,25.0,1620.0,63822,-965.0,224210,3929,156459,1.0
2020-07-05,650.0,24.0,561.0,63887,65.0,224860,3953,157020,1.0
2020-07-06,685.0,22.0,632.0,63918,31.0,225545,3975,157652,1.0
2020-07-07,629.0,24.0,2066.0,62457,-1461.0,226174,3999,159718,1.0
2020-07-08,621.0,28.0,1195.0,61855,-602.0,226795,4027,160913,1.0
2020-07-09,568.0,32.0,1173.0,61218,-637.0,227363,4059,162086,1.0
2020-07-10,637.0,28.0,1007.0,60820,-398.0,228000,4087,163093,1.0
2020-07-11,678.0,29.0,1002.0,60467,-353.0,228678,4116,164095,1.0
2020-07-12,679.0,27.0,465.0,60654,187.0,229357,4143,164560,1.0
2020-07-13,672.0,25.0,394.0,60907,253.0,230029,4168,164954,1.0
2020-07-14,613.0,37.0,1012.0,60471,-436.0,230642,4205,165966,1.0
2020-07-15,628.0,29.0,1844.0,59226,-1245.0,231270,4234,167810,1.0
2020-07-16,531.0,24.0,1145.0,58588,-638.0,231801,4258,168955,1.0
2020-07-17,575.0,13.0,682.0,58468,-120.0,232376,4271,169637,1.0
2020-07-18,578.0,14.0,543.0,58489,21.0,232954,4285,170180,1.0
2020-07-19,591.0,14.0,359.0,58707,218.0,233545,4299,170539,1.0
2020-07-20,578.0,15.0,379.0,58891,184.0,234123,4314,170918,1.0
2020-07-21,602.0,17.0,853.0,58623,-268.0,234725,4331,171771,1.0
2020-07-22,638.0,19.0,1168.0,58074,-549.0,235363,4350,172939,1.0
2020-07-23,608.0,14.0,453.0,58215,141.0,235971,4364,173392,1.0
2020-07-24,645.0,11.0,462.0,58387,172.0,236616,4375,173854,1.0
2020-07-25,648.0,14.0,561.0,58460,73.0,237264,4389,174415,1.0
2020-07-26,683.0,9.0,306.0,58828,368.0,237947,4398,174721,1.0
2020-07-27,694.0,13.0,264.0,59245,417.0,238641,4411,174985,1.0
2020-07-28,674.0,10.0,827.0,59082,-163.0,239315,4421,175812,1.0
2020-07-29,671.0,13.0,625.0,59115,33.0,239986,4434,176437,1.0
2020-07-30,678.0,12.0,1471.0,58310,-805.0,240664,4446,177908,1.0
2020-07-31,695.0,14.0,1260.0,57731,-579.0,241359,4460,179168,1.0
2020-08-01,690.0,13.0,1413.0,56995,-736.0,242049,4473,180581,1.0
2020-08-02,664.0,12.0,761.0,56886,-109.0,242713,4485,181342,1.0
2020-08-03,693.0,13.0,842.0,56724,-162.0,243406,4498,182184,1.0
2020-08-04,691.0,12.0,1456.0,55947,-777.0,244097,4510,183640,1.0
2020-08-05,687.0,11.0,1329.0,55294,-653.0,244784,4521,184969,1.0
2020-08-06,684.0,13.0,1254.0,54711,-583.0,245468,4534,186223,1.0
2020-08-07,686.0,12.0,1353.0,54032,-679.0,246154,4546,187576,1.0
2020-08-08,691.0,14.0,1278.0,53431,-601.0,246845,4560,188854,1.0
2020-08-09,689.0,12.0,803.0,53305,-126.0,247534,4572,189657,1.0
2020-08-10,694.0,13.0,898.0,53088,-217.0,248228,4585,190555,1.0
2020-08-11,694.0,14.0,1043.0,52725,-363.0,248922,4599,191598,1.0
2020-08-12,689.0,12.0,1088.0,52314,-411.0,249611,4611,192686,1.0
2020-08-13,692.0,11.0,787.0,52208,-106.0,250303,4622,193473,1.0
2020-08-14,688.0,11.0,1350.0,51535,-673.0,250991,4633,194823,1.0
2020-08-15,695.0,12.0,1275.0,50943,-592.0,251686,4645,196098,1.0
2020-08-16,688.0,11.0,1045.0,50575,-368.0,252374,4656,197143,1.0
2020-08-17,690.0,10.0,819.0,50436,-139.0,253064,4666,197962,1.0
2020-08-18,693.0,11.0,1155.0,49963,-473.0,253757,4677,199117,1.0
2020-08-19,691.0,10.0,1242.0,49402,-561.0,254448,4687,200359,1.0
2020-08-20,688.0,11.0,1208.0,48871,-531.0,255136,4698,201567,1.0
2020-08-21,690.0,12.0,1160.0,48389,-482.0,255826,4710,202727,1.0
2020-08-22,687.0,10.0,1094.0,47972,-417.0,256513,4720,203821,1.0
2020-08-23,611.0,11.0,965.0,47607,-365.0,257124,4731,204786,1.0
2020-08-24,625.0,10.0,863.0,47359,-248.0,257749,4741,205649,1.0
2020-08-25,681.0,12.0,1155.0,46873,-486.0,258430,4753,206804,1.0
2020-08-26,640.0,11.0,1389.0,46113,-760.0,259070,4764,208193,1.0
2020-08-27,637.0,12.0,1435.0,45303,-810.0,259707,4776,209628,1.0
2020-08-28,654.0,10.0,1280.0,44667,-636.0,260361,4786,210908,1.0
2020-08-29,677.0,12.0,1393.0,43939,-728.0,261038,4798,212301,1.0
2020-08-30,695.0,11.0,904.0,43719,-220.0,261733,4809,213205,1.0
2020-08-31,685.0,12.0,916.0,43476,-243.0,262418,4821,214121,1.0
2020-09-01,641.0,11.0,1262.0,42844,-632.0,263059,4832,215383,1.0
2020-09-02,625.0,12.0,1359.0,42098,-746.0,263684,4844,216742,1.0
2020-09-03,690.0,13.0,1157.0,41618,-480.0,264374,4857,217899,1.0
2020-09-04,692.0,10.0,1196.0,41104,-514.0,265066,4867,219095,1.0
2020-09-05,671.0,11.0,1312.0,40452,-652.0,265737,4878,220407,1.0
2020-09-06,620.0,13.0,963.0,40096,-356.0,266357,4891,221370,1.0
2020-09-07,690.0,14.0,882.0,39890,-206.0,267047,4905,222252,1.0
2020-09-08,695.0,16.0,1250.0,39319,-571.0,267742,4921,223502,1.0
2020-09-09,642.0,12.0,1338.0,38611,-708.0,268384,4933,224840,1.0
2020-09-10,695.0,14.0,1434.0,37858,-753.0,269079,4947,226274,1.0
2020-09-11,698.0,9.0,1256.0,37291,-567.0,269777,4956,227530,1.0
2020-09-12,670.0,12.0,1143.0,36806,-485.0,270447,4968,228673,1.0
2020-09-13,650.0,14.0,900.0,36542,-264.0,271097,4982,229573,1.0
2020-09-14,696.0,11.0,824.0,36403,-139.0,271793,4993,230397,1.0
2020-09-15,730.0,13.0,1086.0,36034,-369.0,272523,5006,231483,1.0
2020-09-16,750.0,10.0,1223.0,35551,-483.0,273273,5016,232706,1.0
2020-09-17,730.0,9.0,1323.0,34949,-602.0,274003,5025,234029,1.0
2020-09-18,805.0,8.0,1107.0,34639,-310.0,274808,5033,235136,1.0
2020-09-19,825.0,11.0,919.0,34534,-105.0,275633,5044,236055,1.0
2020-09-20,860.0,13.0,892.0,34489,-45.0,276493,5057,236947,1.0
2020-09-21,915.0,12.0,988.0,34404,-85.0,277408,5069,237935,1.0
2020-09-22,980.0,15.0,1191.0,34178,-226.0,278388,5084,239126,1.0
2020-09-23,970.0,16.0,1226.0,33906,-272.0,279358,5100,240352,1.0
2020-09-24,1050.0,15.0,1304.0,33637,-269.0,280408,5115,241656,1.0
2020-09-25,1560.0,14.0,1227.0,33956,319.0,281968,5129,242883,1.0
2020-09-26,1792.0,17.0,1123.0,34608,652.0,283760,5146,244006,1.0
2020-09-27,2016.0,18.0,1126.0,35480,872.0,285776,5164,245132,1.0
2020-09-28,2217.0,16.0,942.0,36739,1259.0,287993,5180,246074,1.0
2020-09-29,2300.0,23.0,1227.0,37789,1050.0,290293,5203,247301,1.0
2020-09-30,2308.0,27.0,1349.0,38721,932.0,292601,5230,248650,1.0
2020-10-01,2424.0,24.0,1211.0,39910,1189.0,295025,5254,249861,1.0
2020-10-02,2704.0,28.0,1157.0,41429,1519.0,297729,5282,251018,1.0
2020-10-03,2884.0,32.0,1069.0,43212,1783.0,300613,5314,252087,1.0
2020-10-04,3327.0,29.0,944.0,45566,2354.0,303940,5343,253031,1.0
2020-10-05,3537.0,27.0,913.0,48163,2597.0,307477,5370,253944,1.0
2020-10-06,4082.0,31.0,1156.0,51058,2895.0,311559,5401,255100,1.0
2020-10-07,3229.0,41.0,1262.0,52984,1926.0,314788,5442,256362,1.0
2020-10-08,3323.0,55.0,1341.0,54911,1927.0,318111,5497,257703,1.0
2020-10-09,3701.0,33.0,1424.0,57155,2244.0,321812,5530,259127,1.0
2020-10-10,4105.0,30.0,1306.0,59924,2769.0,325917,5560,260433,1.0
2020-10-11,4501.0,35.0,1186.0,63204,3280.0,330418,5595,261619,1.0
2020-10-12,4395.0,34.0,1131.0,66434,3230.0,334813,5629,262750,1.0
2020-10-13,4618.0,58.0,1750.0,69244,2810.0,339431,5687,264500,1.0
2020-10-14,4573.0,52.0,1970.0,71795,2551.0,344004,5739,266470,1.0
2020-10-15,3942.0,57.0,1953.0,73727,1932.0,347946,5796,268423,1.0
2020-10-16,5049.0,54.0,1803.0,76919,3192.0,352995,5850,270226,1.0
2020-10-17,4648.0,2.0,2001.0,79564,2645.0,357643,5852,272227,1.0
2020-10-18,4610.0,106.0,1654.0,82414,2850.0,362253,5958,273881,1.0
2020-10-19,5376.0,51.0,1767.0,85972,3558.0,367629,6009,275648,1.0
2020-10-20,4999.0,49.0,1960.0,88962,2990.0,372628,6058,277608,1.0
2020-10-21,4389.0,63.0,2365.0,90923,1961.0,377017,6121,279973,1.0
2020-10-22,4413.0,66.0,2519.0,92751,1828.0,381430,6187,282492,1.0
2020-10-23,5478.0,62.0,2779.0,95388,2637.0,386908,6249,285271,1.0
2020-10-24,4453.0,63.0,2639.0,97139,1751.0,391361,6312,287910,1.0
2020-10-25,4455.0,68.0,2614.0,98912,1773.0,395816,6380,290524,1.0
2020-10-26,5224.0,62.0,2681.0,101393,2481.0,401040,6442,293205,1.0
2020-10-27,4312.0,61.0,3269.0,102375,982.0,405352,6503,296474,1.0
2020-10-28,3670.0,75.0,3577.0,102393,18.0,409022,6578,300051,1.0
2020-10-29,4906.0,66.0,3780.0,103453,1060.0,413928,6644,303831,1.0
2020-10-30,5268.0,69.0,3985.0,104667,1214.0,419196,6713,307816,1.0
2020-10-31,4952.0,55.0,3634.0,105930,1263.0,424148,6768,311450,1.0
2020-11-01,5261.0,52.0,3341.0,107798,1868.0,429409,6820,314791,1.0
2020-11-02,4796.0,53.0,3241.0,109300,1502.0,434205,6873,318032,1.0
2020-11-03,5150.0,63.0,3647.0,110740,1440.0,439355,6936,321679,1.0
2020-11-04,5826.0,68.0,3852.0,112646,1906.0,445181,7004,325531,1.0
2020-11-05,5255.0,67.0,3670.0,114164,1518.0,450436,7071,329201,1.0
2020-11-06,6253.0,69.0,3783.0,116565,2401.0,456689,7140,332984,1.0
2020-11-07,5829.0,75.0,3675.0,118644,2079.0,462518,7215,336659,1.0
2020-11-08,5751.0,74.0,3254.0,121067,2423.0,468269,7289,339913,1.0
2020-11-09,6897.0,72.0,3313.0,124579,3512.0,475166,7361,343226,1.0
2020-11-10,5902.0,68.0,3663.0,126750,2171.0,481068,7429,346889,1.0
2020-11-11,4477.0,73.0,3857.0,127297,547.0,485545,7502,350746,1.0
2020-11-12,5997.0,71.0,3959.0,129264,1967.0,491542,7573,354705,1.0
2020-11-13,5974.0,70.0,4219.0,130949,1685.0,497516,7643,358924,1.0
2020-11-14,6427.0,69.0,4423.0,132884,1935.0,503943,7712,363347,1.0
2020-11-15,6271.0,75.0,4266.0,134814,1930.0,510214,7787,367613,1.0
2020-11-16,6360.0,72.0,4244.0,136858,2044.0,516574,7859,371857,1.0
2020-11-17,5882.0,74.0,5274.0,137392,534.0,522456,7933,377131,1.0
2020-11-18,4174.0,76.0,5503.0,135987,-1405.0,526630,8009,382634,1.0
2020-11-19,6438.0,73.0,5782.0,136570,583.0,533068,8082,388416,1.0
2020-11-20,6902.0,77.0,5836.0,137559,989.0,539970,8159,394252,1.0
2020-11-21,7168.0,74.0,6080.0,138573,1014.0,547138,8233,400332,1.0
2020-11-22,6575.0,75.0,5245.0,139828,1255.0,553713,8308,405577,1.0
2020-11-23,6866.0,71.0,5064.0,141559,1731.0,560579,8379,410641,1.0
2020-11-24,5838.0,76.0,5601.0,141720,161.0,566417,8455,416242,1.0
2020-11-25,4685.0,75.0,5947.0,140383,-1337.0,571102,8530,422189,1.0
2020-11-26,6075.0,73.0,6229.0,140156,-227.0,577177,8603,428418,1.0
2020-11-27,7918.0,77.0,6484.0,141513,1357.0,585095,8680,434902,1.0
2020-11-28,7320.0,76.0,6633.0,142124,611.0,592415,8756,441535,1.0
2020-11-29,6798.0,72.0,5576.0,143274,1150.0,599213,8828,447111,1.0
2020-11-30,6511.0,74.0,5073.0,144638,1364.0,605724,8902,452184,1.0
2020-12-01,6524.0,76.0,6225.0,144861,223.0,612248,8978,458409,1.0
2020-12-02,5191.0,75.0,6575.0,143402,-1459.0,617439,9053,464984,1.0
2020-12-03,7750.0,73.0,6849.0,144230,828.0,625189,9126,471833,1.0
2020-12-04,6868.0,77.0,6891.0,144130,-100.0,632057,9203,478724,1.0
2020-12-05,7993.0,74.0,6584.0,145465,1335.0,640050,9277,485308,1.0
2020-12-06,7512.0,72.0,5536.0,147369,1904.0,647562,9349,490844,1.0
2020-12-07,7279.0,76.0,5027.0,149545,2176.0,654841,9425,495871,1.0
2020-12-08,5232.0,71.0,5532.0,149174,-371.0,660073,9496,501403,1.0
2020-12-09,5145.0,75.0,5746.0,148498,-676.0,665218,9571,507149,1.0
2020-12-10,6730.0,74.0,5820.0,149334,836.0,671948,9645,512969,1.0
2020-12-11,7215.0,77.0,5920.0,150552,1218.0,679163,9722,518889,1.0
2020-12-12,6622.0,76.0,5890.0,151208,656.0,685785,9798,524779,1.0
2020-12-13,6425.0,72.0,4841.0,152720,1512.0,692210,9870,529620,1.0
2020-12-14,5874.0,75.0,4932.0,153587,867.0,698084,9945,534552,1.0
2020-12-15,5418.0,77.0,5307.0,153621,34.0,703502,10022,539859,1.0
2020-12-16,5028.0,73.0,5571.0,153005,-616.0,708530,10095,545430,1.0
2020-12-17,6711.0,76.0,5777.0,153863,858.0,715241,10171,551207,1.0
2020-12-18,6937.0,72.0,5821.0,154907,1044.0,722178,10243,557028,1.0
2020-12-19,6459.0,74.0,5925.0,155367,460.0,728637,10317,562953,1.0
2020-12-20,7263.0,77.0,4790.0,157763,2396.0,735900,10394,567743,1.0
2020-12-21,7797.0,75.0,4798.0,160687,2924.0,743697,10469,572541,1.0
2020-12-22,7237.0,71.0,5003.0,162850,2163.0,750934,10540,577544,1.0
2020-12-23,5652.0,73.0,5228.0,163201,351.0,756586,10613,582772,1.0
2020-12-24,8203.0,76.0,5508.0,165820,2619.0,764789,10689,588280,1.0
2020-12-25,7315.0,74.0,5659.0,167402,1582.0,772104,10763,593939,1.0
2020-12-26,7480.0,77.0,5602.0,169203,1801.0,779584,10840,599541,1.0
2020-12-27,6620.0,73.0,5063.0,170687,1484.0,786204,10913,604604,1.0
2020-12-28,6253.0,76.0,5166.0,171698,1011.0,792457,10989,609770,1.0
2020-12-29,5641.0,75.0,5626.0,171638,-60.0,798098,11064,615396,1.0
2020-12-30,5105.0,72.0,5896.0,170775,-863.0,803203,11136,621292,1.0
2020-12-31,6566.0,73.0,6076.0,171192,417.0,809769,11209,627368,1.0
2021-01-01,5907.0,71.0,6334.0,170694,-498.0,815676,11280,633702,1.0
2021-01-02,5452.0,76.0,6107.0,169963,-731.0,821128,11356,639809,1.0
2021-01-03,3851.0,77.0,6114.0,167623,-2340.0,824979,11433,645923,1.0
2021-01-04,3591.0,74.0,6401.0,164739,-2884.0,828570,11507,652324,1.0
2021-01-05,4842.0,75.0,6752.0,162754,-1985.0,833412,11582,659076,1.0
2021-01-06,5142.0,70.0,7206.0,160620,-2134.0,838554,11652,666282,1.0
2021-01-07,4871.0,76.0,7410.0,158005,-2615.0,843425,11728,673692,1.0
2021-01-08,5027.0,71.0,7067.0,155894,-2111.0,848452,11799,680759,1.0
2021-01-09,4900.0,74.0,7302.0,153418,-2476.0,853352,11873,688061,1.0
2021-01-10,4216.0,77.0,7045.0,150512,-2906.0,857568,11950,695106,1.0
2021-01-11,4646.0,75.0,6684.0,148399,-2113.0,862214,12025,701790,1.0
2021-01-12,5001.0,72.0,6778.0,146550,-1849.0,867215,12097,708568,1.0
2021-01-13,4320.0,76.0,6870.0,143924,-2626.0,871535,12173,715438,1.0
2021-01-14,5893.0,68.0,7049.0,142700,-1224.0,877428,12241,722487,1.0
2021-01-15,5534.0,81.0,6602.0,141551,-1149.0,882962,12322,729089,1.0
2021-01-16,4674.0,79.0,5639.0,140507,-1044.0,887636,12401,734728,1.0
2021-01-17,4012.0,67.0,4612.0,139840,-667.0,891648,12468,739340,1.0
2021-01-18,3679.0,73.0,4009.0,139437,-403.0,895327,12541,743349,1.0
2021-01-19,3115.0,84.0,4532.0,137936,-1501.0,898442,12625,747881,1.0
2021-01-20,2452.0,65.0,4770.0,135553,-2383.0,900894,12690,752651,1.0
2021-01-21,3458.0,69.0,5220.0,133722,-1831.0,904352,12759,757871,1.0
2021-01-22,3037.0,72.0,5629.0,131058,-2664.0,907389,12831,763500,1.0
2021-01-23,2668.0,64.0,5933.0,127729,-3329.0,910057,12895,769433,1.0
2021-01-24,3069.0,74.0,5117.0,125607,-2122.0,913126,12969,774550,1.0
2021-01-25,2382.0,61.0,5274.0,122654,-2953.0,915508,13030,779824,1.0
2021-01-26,2317.0,70.0,5572.0,119329,-3325.0,917825,13100,785396,1.0
2021-01-27,1837.0,75.0,5924.0,115167,-4162.0,919662,13175,791320,1.0
2021-01-28,2897.0,62.0,6142.0,111860,-3307.0,922559,13237,797462,1.0
2021-01-29,2799.0,63.0,6180.0,108416,-3444.0,925358,13300,803642,1.0
2021-01-30,2430.0,68.0,5584.0,105194,-3222.0,927788,13368,809226,1.0
2021-01-31,2284.0,66.0,5502.0,101910,-3284.0,930072,13434,814728,1.0
2021-02-01,2037.0,61.0,4883.0,99003,-2907.0,932109,13495,819611,1.0
2021-02-02,1701.0,74.0,5012.0,95618,-3385.0,933810,13569,824623,1.0
2021-02-03,1545.0,65.0,5221.0,91877,-3741.0,935355,13634,829844,1.0
2021-02-04,2095.0,67.0,5324.0,88581,-3296.0,937450,13701,835168,1.0
2021-02-05,2032.0,71.0,4664.0,85878,-2703.0,939482,13772,839832,1.0
2021-02-06,2214.0,60.0,4333.0,83699,-2179.0,941696,13832,844165,1.0
2021-02-07,2028.0,64.0,3657.0,82006,-1693.0,943724,13896,847822,1.0
2021-02-08,1728.0,62.0,3349.0,80323,-1683.0,945452,13958,851171,1.0
2021-02-09,1584.0,73.0,3554.0,78280,-2043.0,947036,14031,854725,1.0
2021-02-10,1441.0,68.0,3633.0,76020,-2260.0,948477,14099,858358,1.0
2021-02-11,2040.0,61.0,3558.0,74441,-1579.0,950517,14160,861916,1.0
2021-02-12,2139.0,63.0,3184.0,73333,-1108.0,952656,14223,865100,1.0
2021-02-13,1963.0,67.0,2680.0,72549,-784.0,954619,14290,867780,1.0
2021-02-14,1559.0,58.0,2089.0,71961,-588.0,956178,14348,869869,1.0
2021-02-15,1818.0,56.0,1967.0,71756,-205.0,957996,14404,871836,1.0
2021-02-16,1409.0,60.0,2062.0,71043,-713.0,959405,14464,873898,1.0
2021-02-17,1282.0,59.0,2243.0,70023,-1020.0,960687,14523,876141,1.0
2021-02-18,1950.0,55.0,2514.0,69404,-619.0,962637,14578,878655,1.0
2021-02-19,1972.0,53.0,2112.0,69211,-193.0,964609,14631,880767,1.0
2021-02-20,1623.0,58.0,2041.0,68735,-476.0,966232,14689,882808,1.0
2021-02-21,1602.0,52.0,1807.0,68478,-257.0,967834,14741,884615,1.0
2021-02-22,1723.0,41.0,1658.0,68502,24.0,969557,14782,886273,1.0
2021-02-23,1198.0,49.0,1364.0,68287,-215.0,970755,14831,887637,1.0
2021-02-24,1417.0,43.0,1719.0,67942,-345.0,972172,14874,889356,1.0
2021-02-25,1406.0,47.0,2092.0,67209,-733.0,973578,14921,891448,1.0
2021-02-26,1336.0,45.0,2423.0,66077,-1132.0,974914,14966,893871,1.0
2021-02-27,1825.0,41.0,2008.0,65853,-224.0,976739,15007,895879,1.0
2021-02-28,1737.0,48.0,1819.0,65723,-130.0,978476,15055,897698,1.0
2021-03-01,2097.0,42.0,1541.0,66237,514.0,980573,15097,899239,1.0
2021-03-02,1277.0,49.0,1796.0,65669,-568.0,981850,15146,901035,1.0
2021-03-03,1284.0,46.0,2065.0,64842,-827.0,983134,15192,903100,1.0
2021-03-04,2150.0,51.0,2421.0,64520,-322.0,985284,15243,905521,1.0
2021-03-05,1757.0,54.0,2249.0,63974,-546.0,987041,15297,907770,1.0
2021-03-06,1820.0,50.0,1922.0,63822,-152.0,988861,15347,909692,1.0
2021-03-07,1534.0,47.0,1417.0,63892,70.0,990395,15394,911109,1.0
2021-03-08,1421.0,53.0,1037.0,64223,331.0,991816,15447,912146,1.0
2021-03-09,1066.0,49.0,1027.0,64213,-10.0,992882,15496,913173,1.0
2021-03-10,1116.0,51.0,1453.0,63825,-388.0,993998,15547,914626,1.0
2021-03-11,1281.0,54.0,1578.0,63474,-351.0,995279,15601,916204,1.0
2021-03-12,1610.0,56.0,1605.0,63423,-51.0,996889,15657,917809,1.0
2021-03-13,1600.0,52.0,1469.0,63502,79.0,998489,15709,919278,1.0
2021-03-14,1905.0,55.0,1110.0,64242,740.0,1000394,15764,920388,1.0
2021-03-15,1353.0,51.0,1036.0,64508,266.0,1001747,15815,921424,1.0
2021-03-16,1533.0,57.0,1475.0,64509,1.0,1003280,15872,922899,1.0
2021-03-17,1201.0,53.0,1595.0,64062,-447.0,1004481,15925,924494,1.0
2021-03-18,1934.0,48.0,1760.0,64188,126.0,1006415,15973,926254,1.0
2021-03-19,1809.0,51.0,1902.0,64044,-144.0,1008224,16024,928156,1.0
2021-03-20,1728.0,54.0,1769.0,63949,-95.0,1009952,16078,929925,1.0
2021-03-21,1511.0,50.0,1371.0,64039,90.0,1011463,16128,931296,1.0
2021-03-22,1586.0,56.0,1132.0,64437,398.0,1013049,16184,932428,1.0
2021-03-23,1042.0,51.0,1379.0,64049,-388.0,1014091,16235,933807,1.0
2021-03-24,1431.0,53.0,1593.0,63834,-215.0,1015522,16288,935400,1.0
2021-03-25,1787.0,49.0,1722.0,63850,16.0,1017309,16337,937122,1.0
2021-03-26,1813.0,55.0,1551.0,64057,207.0,1019122,16392,938673,1.0
2021-03-27,1551.0,54.0,1368.0,64186,129.0,1020673,16446,940041,1.0
2021-03-28,1878.0,52.0,1151.0,64861,675.0,1022551,16498,941192,1.0
2021-03-29,1612.0,49.0,844.0,65580,719.0,1024163,16547,942036,1.0
2021-03-30,1291.0,56.0,1165.0,65650,70.0,1025454,16603,943201,1.0
2021-03-31,1286.0,53.0,1537.0,65346,-304.0,1026740,16656,944738,1.0
2021-04-01,2151.0,51.0,1632.0,65814,468.0,1028891,16707,946370,1.0
2021-04-02,1764.0,57.0,1324.0,66197,383.0,1030655,16764,947694,1.0
2021-04-03,2011.0,52.0,1151.0,67005,808.0,1032666,16816,948845,1.0
2021-04-04,1901.0,56.0,998.0,67852,847.0,1034567,16872,949843,1.0
2021-04-05,1876.0,50.0,815.0,68863,1011.0,1036443,16922,950658,1.0
2021-04-06,1747.0,54.0,1193.0,69363,500.0,1038190,16976,951851,1.0
2021-04-07,1585.0,51.0,1551.0,69346,-17.0,1039775,17027,953402,1.0
2021-04-08,2024.0,55.0,1746.0,69569,223.0,1041799,17082,955148,1.0
2021-04-09,2421.0,57.0,1989.0,69944,375.0,1044220,17139,957137,1.0
2021-04-10,2006.0,53.0,1646.0,70251,307.0,1046226,17192,958783,1.0
2021-04-11,2090.0,56.0,1388.0,70897,646.0,1048316,17248,960171,1.0
2021-04-12,1833.0,54.0,1221.0,71455,558.0,1050149,17302,961392,1.0
2021-04-13,1782.0,58.0,1694.0,71485,30.0,1051931,17360,963086,1.0
2021-04-14,1837.0,52.0,1751.0,71519,34.0,1053768,17412,964837,1.0
2021-04-15,2455.0,59.0,1944.0,71971,452.0,1056223,17471,966781,1.0
2021-04-16,2476.0,57.0,1901.0,72489,518.0,1058699,17528,968682,1.0
2021-04-17,2822.0,58.0,1638.0,73615,1126.0,1061521,17586,970320,1.0
2021-04-18,2252.0,53.0,1237.0,74577,962.0,1063773,17639,971557,1.0
2021-04-19,2279.0,59.0,1089.0,75708,1131.0,1066052,17698,972646,1.0
2021-04-20,1996.0,56.0,1583.0,76065,357.0,1068048,17754,974229,1.0
2021-04-21,1988.0,58.0,1744.0,76251,186.0,1070036,17812,975973,1.0
2021-04-22,2704.0,54.0,1907.0,76994,743.0,1072740,17866,977880,1.0
2021-04-23,2502.0,57.0,2123.0,77316,322.0,1075242,17923,980003,1.0
2021-04-24,2541.0,59.0,1879.0,77919,603.0,1077783,17982,981882,1.0
2021-04-25,2526.0,53.0,1339.0,79053,1134.0,1080309,18035,983221,1.0
2021-04-26,2687.0,55.0,1125.0,80560,1507.0,1082996,18090,984346,1.0
2021-04-27,2098.0,58.0,1423.0,81177,617.0,1085094,18148,985769,1.0
2021-04-28,1840.0,54.0,1688.0,81275,98.0,1086934,18202,987457,1.0
2021-04-29,3215.0,56.0,1954.0,82480,1205.0,1090149,18258,989411,1.0
2021-04-30,2662.0,57.0,2008.0,83077,597.0,1092811,18315,991419,1.0
2021-05-01,3208.0,59.0,1929.0,84297,1220.0,1096019,18374,993348,1.0
2021-05-02,2699.0,54.0,1617.0,85325,1028.0,1098718,18428,994965,1.0
2021-05-03,2635.0,58.0,1408.0,86494,1169.0,1101353,18486,996373,1.0
2021-05-04,2050.0,61.0,1584.0,86899,405.0,1103403,18547,997957,1.0
2021-05-05,2432.0,56.0,1785.0,87490,591.0,1105835,18603,999742,1.0
2021-05-06,2114.0,59.0,2056.0,87489,-1.0,1107949,18662,1001798,1.0
2021-05-07,2846.0,60.0,2262.0,88013,524.0,1110795,18722,1004060,1.0
2021-05-08,2765.0,57.0,2482.0,88239,226.0,1113560,18779,1006542,1.0
2021-05-09,2828.0,58.0,2134.0,88875,636.0,1116388,18837,1008676,1.0
2021-05-10,2896.0,56.0,1976.0,89739,864.0,1119284,18893,1010652,1.0
2021-05-11,2628.0,61.0,2051.0,90255,516.0,1121912,18954,1012703,1.0
2021-05-12,2718.0,59.0,2394.0,90520,265.0,1124630,19013,1015097,1.0
2021-05-13,2787.0,55.0,2643.0,90609,89.0,1127417,19068,1017740,1.0
2021-05-14,3818.0,60.0,2943.0,91424,815.0,1131235,19128,1020683,1.0
2021-05-15,3073.0,58.0,2697.0,91742,318.0,1134308,19186,1023380,1.0
2021-05-16,2789.0,56.0,2414.0,92061,319.0,1137097,19242,1025794,1.0
2021-05-17,3573.0,57.0,2041.0,93536,1475.0,1140670,19299,1027835,1.0
2021-05-18,2430.0,59.0,2364.0,93543,7.0,1143100,19358,1030199,1.0
2021-05-19,2096.0,61.0,2663.0,92915,-628.0,1145196,19419,1032862,1.0
2021-05-20,3312.0,55.0,2877.0,93295,380.0,1148508,19474,1035739,1.0
2021-05-21,2954.0,58.0,2593.0,93598,303.0,1151462,19532,1038332,1.0
2021-05-22,2653.0,60.0,2428.0,93763,165.0,1154115,19592,1040760,1.0
2021-05-23,2924.0,56.0,2028.0,94603,840.0,1157039,19648,1042788,1.0
2021-05-24,2487.0,59.0,1730.0,95301,698.0,1159526,19707,1044518,1.0
2021-05-25,2075.0,57.0,2208.0,95111,-190.0,1161601,19764,1046726,1.0
2021-05-26,2416.0,62.0,2520.0,94945,-166.0,1164017,19826,1049246,1.0
2021-05-27,3105.0,58.0,2886.0,95106,161.0,1167122,19884,1052132,1.0
2021-05-28,3274.0,56.0,2998.0,95326,220.0,1170396,19940,1055130,1.0
2021-05-29,3241.0,61.0,2911.0,95595,269.0,1173637,20001,1058041,1.0
2021-05-30,3719.0,59.0,2547.0,96708,1113.0,1177356,20060,1060588,1.0
2021-05-31,2614.0,55.0,1877.0,97390,682.0,1179970,20115,1062465,1.0
2021-06-01,3669.0,62.0,2393.0,98604,1214.0,1183639,20177,1064858,1.0
2021-06-02,2842.0,60.0,2567.0,98819,215.0,1186481,20237,1067425,1.0
2021-06-03,2876.0,57.0,2682.0,98956,137.0,1189357,20294,1070107,1.0
2021-06-04,2817.0,58.0,2318.0,99397,441.0,1192174,20352,1072425,1.0
2021-06-05,2897.0,56.0,2180.0,100058,661.0,1195071,20408,1074605,1.0
2021-06-06,2936.0,61.0,1741.0,101192,1134.0,1198007,20469,1076346,1.0
2021-06-07,3266.0,59.0,1568.0,102831,1639.0,1201273,20528,1077914,1.0
2021-06-08,3817.0,62.0,2018.0,104568,1737.0,1205090,20590,1079932,1.0
2021-06-09,4124.0,58.0,2311.0,106323,1755.0,1209214,20648,1082243,1.0
2021-06-10,5245.0,63.0,2671.0,108834,2511.0,1214459,20711,1084914,1.0
2021-06-11,5853.0,60.0,3061.0,111566,2732.0,1220312,20771,1087975,1.0
2021-06-12,6701.0,67.0,2725.0,115475,3909.0,1227013,20838,1090700,1.0
2021-06-13,7704.0,69.0,3038.0,120072,4597.0,1234717,20907,1093738,1.0
2021-06-14,6590.0,72.0,2815.0,123775,3703.0,1241307,20979,1096553,1.0
2021-06-15,6805.0,71.0,3045.0,127464,3689.0,1248112,21050,1099598,1.0
2021-06-16,5782.0,75.0,3381.0,129790,2326.0,1253894,21125,1102979,1.0
2021-06-17,6195.0,73.0,3636.0,132276,2486.0,1260089,21198,1106615,1.0
2021-06-18,9056.0,78.0,3784.0,137470,5194.0,1269145,21276,1110399,1.0
2021-06-19,9120.0,76.0,3395.0,143119,5649.0,1278265,21352,1113794,1.0
2021-06-20,8305.0,81.0,2945.0,148398,5279.0,1286570,21433,1116739,1.0
2021-06-21,7584.0,79.0,3098.0,152805,4407.0,1294154,21512,1119837,1.0
2021-06-22,6555.0,86.0,3458.0,155816,3011.0,1300709,21598,1123295,1.0
2021-06-23,6534.0,88.0,3670.0,158592,2776.0,1307243,21686,1126965,1.0
2021-06-24,8598.0,92.0,4057.0,163041,4449.0,1315841,21778,1131022,1.0
2021-06-25,7916.0,98.0,4558.0,166301,3260.0,1323757,21876,1135580,1.0
2021-06-26,8457.0,96.0,4260.0,170402,4101.0,1332214,21972,1139840,1.0
2021-06-27,6723.0,114.0,4018.0,172993,2591.0,1338937,22086,1143858,1.0
2021-06-28,7246.0,124.0,4433.0,175682,2689.0,1346183,22210,1148291,1.0
2021-06-29,6209.0,121.0,4854.0,176916,1234.0,1352392,22331,1153145,1.0
2021-06-30,5823.0,117.0,5574.0,177048,132.0,1358215,22448,1158719,1.0
2021-07-01,7597.0,108.0,5934.0,178603,1555.0,1365812,22556,1164653,1.0
2021-07-02,6893.0,112.0,6271.0,179113,510.0,1372705,22668,1170924,1.0
2021-07-03,7446.0,116.0,5869.0,180574,1461.0,1380151,22784,1176793,1.0
2021-07-04,7624.0,111.0,5747.0,182340,1766.0,1387775,22895,1182540,1.0
2021-07-05,6557.0,106.0,5648.0,183143,803.0,1394332,23001,1188188,1.0
2021-07-06,5498.0,114.0,6019.0,182508,-635.0,1399830,23115,1194207,1.0
2021-07-07,5621.0,104.0,6488.0,181537,-971.0,1405451,23219,1200695,1.0
2021-07-08,6040.0,109.0,6805.0,180663,-874.0,1411491,23328,1207500,1.0
2021-07-09,6643.0,102.0,7231.0,179973,-690.0,1418134,23430,1214731,1.0
2021-07-10,5694.0,108.0,7035.0,178524,-1449.0,1423828,23538,1221766,1.0
2021-07-11,5410.0,110.0,6835.0,176989,-1535.0,1429238,23648,1228601,1.0
2021-07-12,5403.0,107.0,7096.0,175189,-1800.0,1434641,23755,1235697,1.0
2021-07-13,4991.0,103.0,7290.0,172787,-2402.0,1439632,23858,1242987,1.0
2021-07-14,3966.0,109.0,7519.0,169125,-3662.0,1443598,23967,1250506,1.0
2021-07-15,5237.0,101.0,7855.0,166406,-2719.0,1448835,24068,1258361,1.0
2021-07-16,5382.0,105.0,8032.0,163651,-2755.0,1454217,24173,1266393,1.0
2021-07-17,4561.0,102.0,7643.0,160467,-3184.0,1458778,24275,1274036,1.0
2021-07-18,4357.0,106.0,7283.0,157435,-3032.0,1463135,24381,1281319,1.0
2021-07-19,4007.0,103.0,7665.0,153674,-3761.0,1467142,24484,1288984,1.0
2021-07-20,3188.0,101.0,7968.0,148793,-4881.0,1470330,24585,1296952,1.0
2021-07-21,3254.0,104.0,8006.0,143937,-4856.0,1473584,24689,1304958,1.0
2021-07-22,4287.0,102.0,7587.0,140535,-3402.0,1477871,24791,1312545,1.0
2021-07-23,3425.0,107.0,7010.0,136843,-3692.0,1481296,24898,1319555,1.0
2021-07-24,3376.0,105.0,6577.0,133537,-3306.0,1484672,25003,1326132,1.0
2021-07-25,3406.0,103.0,5482.0,131358,-2179.0,1488078,25106,1331614,1.0
2021-07-26,2629.0,101.0,4580.0,129306,-2052.0,1490707,25207,1336194,1.0
2021-07-27,2623.0,98.0,4912.0,126919,-2387.0,1493330,25305,1341106,1.0
2021-07-28,2445.0,93.0,5131.0,124140,-2779.0,1495775,25398,1346237,1.0
2021-07-29,3356.0,79.0,5060.0,122357,-1783.0,1499131,25477,1351297,1.0
2021-07-30,3481.0,76.0,4574.0,121188,-1169.0,1502612,25553,1355871,1.0
2021-07-31,3514.0,73.0,4159.0,120470,-718.0,1506126,25626,1360030,1.0
2021-08-01,2484.0,78.0,3475.0,119401,-1069.0,1508610,25704,1363505,1.0
2021-08-02,3330.0,75.0,2881.0,119775,374.0,1511940,25779,1366386,1.0
2021-08-03,1952.0,71.0,3759.0,117897,-1878.0,1513892,25850,1370145,1.0
2021-08-04,2502.0,76.0,4302.0,116021,-1876.0,1516394,25926,1374447,1.0
2021-08-05,3227.0,68.0,4477.0,114703,-1318.0,1519621,25994,1378924,1.0
2021-08-06,2583.0,65.0,4043.0,113178,-1525.0,1522204,26059,1382967,1.0
2021-08-07,2235.0,67.0,3576.0,111770,-1408.0,1524439,26126,1386543,1.0
2021-08-08,2761.0,63.0,3052.0,111416,-354.0,1527200,26189,1389595,1.0
2021-08-09,2150.0,59.0,2618.0,110889,-527.0,1529350,26248,1392213,1.0
2021-08-10,1639.0,61.0,3072.0,109395,-1494.0,1530989,26309,1395285,1.0
2021-08-11,2076.0,58.0,3222.0,108191,-1204.0,1533065,26367,1398507,1.0
2021-08-12,2294.0,56.0,3329.0,107100,-1091.0,1535359,26423,1401836,1.0
2021-08-13,2529.0,59.0,3043.0,106527,-573.0,1537888,26482,1404879,1.0
2021-08-14,2317.0,57.0,2844.0,105943,-584.0,1540205,26539,1407723,1.0
2021-08-15,1954.0,58.0,2454.0,105385,-558.0,1542159,26597,1410177,1.0
2021-08-16,1489.0,54.0,2152.0,104668,-717.0,1543648,26651,1412329,1.0
2021-08-17,2006.0,56.0,2467.0,104151,-517.0,1545654,26707,1414796,1.0
2021-08-18,1590.0,59.0,3029.0,102653,-1498.0,1547244,26766,1417825,1.0
2021-08-19,2142.0,54.0,2805.0,101936,-717.0,1549386,26820,1420630,1.0
2021-08-20,1925.0,52.0,2599.0,101210,-726.0,1551311,26872,1423229,1.0
2021-08-21,1852.0,55.0,2544.0,100463,-747.0,1553163,26927,1425773,1.0
2021-08-22,1661.0,51.0,2140.0,99933,-530.0,1554824,26978,1427913,1.0
2021-08-23,1458.0,53.0,2006.0,99332,-601.0,1556282,27031,1429919,1.0
2021-08-24,1105.0,56.0,2148.0,98233,-1099.0,1557387,27087,1432067,1.0
2021-08-25,1402.0,52.0,2299.0,97284,-949.0,1558789,27139,1434366,1.0
2021-08-26,1712.0,54.0,2463.0,96479,-805.0,1560501,27193,1436829,1.0
2021-08-27,1509.0,51.0,2297.0,95640,-839.0,1562010,27244,1439126,1.0
2021-08-28,1498.0,55.0,2040.0,95043,-597.0,1563508,27299,1441166,1.0
2021-08-29,1444.0,52.0,1789.0,94646,-397.0,1564952,27351,1442955,1.0
2021-08-30,1424.0,50.0,1839.0,94181,-465.0,1566376,27401,1444794,1.0
2021-08-31,1162.0,44.0,1914.0,93385,-796.0,1567538,27445,1446708,1.0
2021-09-01,1229.0,47.0,1936.0,92631,-754.0,1568767,27492,1448644,1.0
2021-09-02,1864.0,51.0,1686.0,92758,127.0,1570631,27543,1450330,1.0
2021-09-03,1633.0,50.0,1556.0,92785,27.0,1572264,27593,1451886,1.0
2021-09-04,1549.0,55.0,1356.0,92923,138.0,1573813,27648,1453242,1.0
2021-09-05,1542.0,48.0,1158.0,93259,336.0,1575355,27696,1454400,1.0
2021-09-06,1463.0,46.0,1278.0,93398,139.0,1576818,27742,1455678,1.0
2021-09-07,1187.0,45.0,1441.0,93099,-299.0,1578005,27787,1457119,1.0
2021-09-08,1269.0,48.0,1513.0,92807,-292.0,1579274,27835,1458632,1.0
2021-09-09,1801.0,52.0,1461.0,93095,288.0,1581075,27887,1460093,1.0
2021-09-10,1566.0,48.0,1443.0,93170,75.0,1582641,27935,1461536,1.0
2021-09-11,1940.0,46.0,1317.0,93747,577.0,1584581,27981,1462853,1.0
2021-09-12,1592.0,42.0,1247.0,94050,303.0,1586173,28023,1464100,1.0
2021-09-13,2022.0,41.0,1259.0,94772,722.0,1588195,28064,1465359,1.0
2021-09-14,1609.0,47.0,1362.0,94972,200.0,1589804,28111,1466721,1.0
2021-09-15,1838.0,49.0,1430.0,95331,359.0,1591642,28160,1468151,1.0
2021-09-16,2479.0,45.0,1469.0,96296,965.0,1594121,28205,1469620,1.0
2021-09-17,2537.0,42.0,1359.0,97432,1136.0,1596658,28247,1470979,1.0
2021-09-18,2746.0,51.0,1280.0,98847,1415.0,1599404,28298,1472259,1.0
2021-09-19,2376.0,49.0,1215.0,99959,1112.0,1601780,28347,1473474,1.0
2021-09-20,2469.0,48.0,1223.0,101157,1198.0,1604249,28395,1474697,1.0
2021-09-21,1926.0,52.0,1300.0,101731,574.0,1606175,28447,1475997,1.0
2021-09-22,1991.0,50.0,1353.0,102319,588.0,1608166,28497,1477350,1.0
2021-09-23,3445.0,54.0,1331.0,104379,2060.0,1611611,28551,1478681,1.0
2021-09-24,2893.0,56.0,1277.0,105939,1560.0,1614504,28607,1479958,1.0
2021-09-25,3211.0,63.0,1245.0,107842,1903.0,1617715,28670,1481203,1.0
2021-09-26,3275.0,59.0,1213.0,109845,2003.0,1620990,28729,1482416,1.0
2021-09-27,3387.0,61.0,1560.0,111611,1766.0,1624377,28790,1483976,1.0
2021-09-28,2541.0,63.0,1886.0,112203,592.0,1626918,28853,1485862,1.0
2021-09-29,3004.0,65.0,1938.0,113204,1001.0,1629922,28918,1487800,1.0
2021-09-30,3998.0,62.0,2237.0,114903,1699.0,1633920,28980,1490037,1.0
2021-10-01,3993.0,64.0,2189.0,116643,1740.0,1637913,29044,1492226,1.0
2021-10-02,4032.0,67.0,2116.0,118492,1849.0,1641945,29111,1494342,1.0
2021-10-03,4294.0,65.0,1885.0,120836,2344.0,1646239,29176,1496227,1.0
2021-10-04,4410.0,66.0,1956.0,123224,2388.0,1650649,29242,1498183,1.0
2021-10-05,3827.0,72.0,2251.0,124728,1504.0,1654476,29314,1500434,1.0
2021-10-06,3589.0,71.0,2399.0,125847,1119.0,1658065,29385,1502833,1.0
2021-10-07,5404.0,69.0,2347.0,128835,2988.0,1663469,29454,1505180,1.0
2021-10-08,4595.0,71.0,2288.0,131071,2236.0,1668064,29525,1507468,1.0
2021-10-09,6001.0,70.0,2211.0,134791,3720.0,1674065,29595,1509679,1.0
2021-10-10,4610.0,72.0,2177.0,137152,2361.0,1678675,29667,1511856,1.0
2021-10-11,5002.0,71.0,2284.0,139799,2647.0,1683677,29738,1514140,1.0
2021-10-12,4699.0,70.0,2477.0,141951,2152.0,1688376,29808,1516617,1.0
2021-10-13,4410.0,72.0,2567.0,143722,1771.0,1692786,29880,1519184,1.0
2021-10-14,6712.0,72.0,3136.0,147226,3504.0,1699498,29952,1522320,1.0
2021-10-15,6631.0,69.0,3756.0,150032,2806.0,1706129,30021,1526076,1.0
2021-10-16,6545.0,72.0,3637.0,152868,2836.0,1712674,30093,1529713,1.0
2021-10-17,6740.0,70.0,3206.0,156332,3464.0,1719414,30163,1532919,1.0
2021-10-18,6823.0,69.0,3237.0,159849,3517.0,1726237,30232,1536156,1.0
2021-10-19,5700.0,73.0,3988.0,161488,1639.0,1731937,30305,1540144,1.0
2021-10-20,5847.0,76.0,4157.0,163102,1614.0,1737784,30381,1544301,1.0
2021-10-21,7897.0,77.0,4272.0,166650,3548.0,1745681,30458,1548573,1.0
2021-10-22,8166.0,79.0,4162.0,170575,3925.0,1753847,30537,1552735,1.0
2021-10-23,7803.0,82.0,3986.0,174310,3735.0,1761650,30619,1556721,1.0
2021-10-24,5279.0,84.0,3817.0,175688,1378.0,1766929,30703,1560538,1.0
2021-10-25,7778.0,83.0,3892.0,179491,3803.0,1774707,30786,1564430,1.0
2021-10-26,6074.0,86.0,3924.0,181555,2064.0,1780781,30872,1568354,1.0
2021-10-27,5789.0,91.0,4471.0,182782,1227.0,1786570,30963,1572825,1.0
2021-10-28,8440.0,95.0,5232.0,185895,3113.0,1795010,31058,1578057,1.0
2021-10-29,7511.0,93.0,5134.0,188179,2284.0,1802521,31151,1583191,1.0
2021-10-30,7267.0,97.0,5506.0,189843,1664.0,1809788,31248,1588697,1.0
2021-10-31,7603.0,94.0,5050.0,192302,2459.0,1817391,31342,1593747,1.0
2021-11-01,7103.0,96.0,5257.0,194052,1750.0,1824494,31438,1599004,1.0
2021-11-02,5736.0,98.0,6359.0,193331,-721.0,1830230,31536,1605363,1.0
2021-11-03,6827.0,95.0,6628.0,193435,104.0,1837057,31631,1611991,1.0
2021-11-04,6305.0,97.0,6633.0,193010,-425.0,1843362,31728,1618624,1.0
2021-11-05,6407.0,93.0,6024.0,193300,290.0,1849769,31821,1624648,1.0
2021-11-06,6880.0,98.0,5958.0,194124,824.0,1856649,31919,1630606,1.0
2021-11-07,4975.0,96.0,5238.0,193765,-359.0,1861624,32015,1635844,1.0
2021-11-08,4982.0,97.0,5262.0,193388,-377.0,1866606,32112,1641106,1.0
2021-11-09,5287.0,95.0,7257.0,191323,-2065.0,1871893,32207,1648363,1.0
2021-11-10,3927.0,98.0,7549.0,187603,-3720.0,1875820,32305,1655912,1.0
2021-11-11,6240.0,94.0,5505.0,188244,641.0,1882060,32399,1661417,1.0
2021-11-12,5183.0,96.0,6952.0,186379,-1865.0,1887243,32495,1668369,1.0
2021-11-13,4185.0,97.0,6597.0,183870,-2509.0,1891428,32592,1674966,1.0
2021-11-14,3734.0,95.0,6473.0,181036,-2834.0,1895162,32687,1681439,1.0
2021-11-15,3789.0,93.0,6364.0,178368,-2668.0,1898951,32780,1687803,1.0
2021-11-16,2606.0,97.0,7387.0,173490,-4878.0,1901557,32877,1695190,1.0
2021-11-17,2966.0,96.0,7477.0,168883,-4607.0,1904523,32973,1702667,1.0
2021-11-18,4062.0,94.0,7204.0,165647,-3236.0,1908585,33067,1709871,1.0
2021-11-19,3371.0,95.0,6562.0,162361,-3286.0,1911956,33162,1716433,1.0
2021-11-20,3239.0,93.0,6487.0,159020,-3341.0,1915195,33255,1722920,1.0
2021-11-21,3438.0,97.0,6081.0,156280,-2740.0,1918633,33352,1729001,1.0
2021-11-22,2786.0,94.0,5539.0,153433,-2847.0,1921419,33446,1734540,1.0
2021-11-23,2749.0,96.0,5351.0,150735,-2698.0,1924168,33542,1739891,1.0
2021-11-24,2533.0,93.0,5393.0,147782,-2953.0,1926701,33635,1745284,1.0
2021-11-25,3349.0,92.0,5161.0,145878,-1904.0,1930050,33727,1750445,1.0
2021-11-26,3929.0,94.0,5136.0,144577,-1301.0,1933979,33821,1755581,1.0
2021-11-27,3430.0,96.0,5116.0,142795,-1782.0,1937409,33917,1760697,1.0
2021-11-28,3086.0,95.0,4138.0,141648,-1147.0,1940495,34012,1764835,1.0
2021-11-29,3434.0,93.0,3703.0,141286,-362.0,1943929,34105,1768538,1.0
2021-11-30,2788.0,97.0,3816.0,140161,-1125.0,1946717,34202,1772354,1.0
2021-12-01,2757.0,94.0,3728.0,139096,-1065.0,1949474,34296,1776082,1.0
2021-12-02,3805.0,92.0,3634.0,139175,79.0,1953279,34388,1779716,1.0
2021-12-03,3304.0,95.0,3600.0,138784,-391.0,1956583,34483,1783316,1.0
2021-12-04,3356.0,93.0,3718.0,138329,-455.0,1959939,34576,1787034,1.0
2021-12-05,3301.0,92.0,3184.0,138354,25.0,1963240,34668,1790218,1.0
2021-12-06,3134.0,91.0,2753.0,138644,290.0,1966374,34759,1792971,1.0
2021-12-07,2573.0,94.0,2969.0,138154,-490.0,1968947,34853,1795940,1.0
2021-12-08,3004.0,90.0,3007.0,138061,-93.0,1971951,34943,1798947,1.0
2021-12-09,2948.0,92.0,3171.0,137746,-315.0,1974899,35035,1802118,1.0
2021-12-10,3477.0,89.0,3372.0,137762,16.0,1978376,35124,1805490,1.0
2021-12-11,3140.0,86.0,3584.0,137232,-530.0,1981516,35210,1809074,1.0
2021-12-12,2862.0,88.0,3494.0,136512,-720.0,1984378,35298,1812568,1.0
2021-12-13,2894.0,84.0,3016.0,136306,-206.0,1987272,35382,1815584,1.0
2021-12-14,1976.0,89.0,3436.0,134757,-1549.0,1989248,35471,1819020,1.0
2021-12-15,2459.0,87.0,3066.0,134063,-694.0,1991707,35558,1822086,1.0
2021-12-16,3322.0,85.0,3040.0,134260,197.0,1995029,35643,1825126,1.0
2021-12-17,2755.0,83.0,3509.0,133423,-837.0,1997784,35726,1828635,1.0
2021-12-18,2283.0,79.0,2936.0,132691,-732.0,2000067,35805,1831571,1.0
2021-12-19,3013.0,81.0,2661.0,132962,271.0,2003080,35886,1834232,1.0
2021-12-20,2630.0,78.0,2642.0,132872,-90.0,2005710,35964,1836874,1.0
2021-12-21,1906.0,80.0,3155.0,131543,-1329.0,2007616,36044,1840029,1.0
2021-12-22,1904.0,81.0,3119.0,130247,-1296.0,2009520,36125,1843148,1.0
2021-12-23,3062.0,77.0,3292.0,129940,-307.0,2012582,36202,1846440,1.0
2021-12-24,2126.0,75.0,2772.0,129219,-721.0,2014708,36277,1849212,1.0
2021-12-25,2714.0,72.0,3108.0,128753,-466.0,2017422,36349,1852320,1.0
2021-12-26,2180.0,71.0,2763.0,128099,-654.0,2019602,36420,1855083,1.0
2021-12-27,2239.0,68.0,2628.0,127642,-457.0,2021841,36488,1857711,1.0
2021-12-28,1705.0,73.0,3111.0,126163,-1479.0,2023546,36561,1860822,1.0
2021-12-29,1798.0,70.0,2653.0,125238,-925.0,2025344,36631,1863475,1.0
2021-12-30,2661.0,71.0,2495.0,125333,95.0,2028005,36702,1865970,1.0
2021-12-31,2739.0,69.0,2726.0,125277,-56.0,2030744,36771,1868696,1.0
2022-01-01,2472.0,67.0,2358.0,125324,47.0,2033216,36838,1871054,1.0
2022-01-02,1824.0,69.0,2232.0,124847,-477.0,2035040,36907,1873286,1.0
2022-01-03,1335.0,70.0,2291.0,123821,-1026.0,2036375,36977,1875577,1.0
2022-01-04,1967.0,68.0,2274.0,123446,-375.0,2038342,37045,1877851,1.0
2022-01-05,2307.0,71.0,2648.0,123034,-412.0,2040649,37116,1880499,1.0
2022-01-06,2357.0,67.0,2238.0,123086,52.0,2043006,37183,1882737,1.0
2022-01-07,3694.0,72.0,2223.0,124485,1399.0,2046700,37255,1884960,1.0
2022-01-08,3072.0,69.0,2060.0,125428,943.0,2049772,37324,1887020,1.0
2022-01-09,3274.0,71.0,2058.0,126573,1145.0,2053046,37395,1889078,1.0
2022-01-10,2778.0,70.0,2097.0,127184,611.0,2055824,37465,1891175,1.0
2022-01-11,4635.0,68.0,2692.0,129059,1875.0,2060459,37533,1893867,1.0
2022-01-12,4008.0,66.0,2826.0,130175,1116.0,2064467,37599,1896693,1.0
2022-01-13,5490.0,71.0,2857.0,132737,2562.0,2069957,37670,1899550,1.0
2022-01-14,5712.0,69.0,2888.0,135492,2755.0,2075669,37739,1902438,1.0
2022-01-15,6555.0,68.0,2877.0,139102,3610.0,2082224,37807,1905315,1.0
2022-01-16,6480.0,70.0,2371.0,143141,4039.0,2088704,37877,1907686,1.0
2022-01-17,7529.0,67.0,1805.0,148798,5657.0,2096233,37944,1909491,1.0
2022-01-18,8342.0,69.0,1838.0,155233,6435.0,2104575,38013,1911329,1.0
2022-01-19,8795.0,71.0,1997.0,161960,6727.0,2113370,38084,1913326,1.0
2022-01-20,11557.0,70.0,2307.0,171140,9180.0,2124927,38154,1915633,1.0
2022-01-21,15987.0,72.0,2313.0,184742,13602.0,2140914,38226,1917946,1.0
2022-01-22,16094.0,69.0,3025.0,197742,13000.0,2157008,38295,1920971,1.0
2022-01-23,17528.0,73.0,2815.0,212382,14640.0,2174536,38368,1923786,1.0
2022-01-24,19509.0,71.0,3231.0,228589,16207.0,2194045,38439,1927017,1.0
2022-01-25,18935.0,75.0,3999.0,243450,14861.0,2212980,38514,1931016,1.0
2022-01-26,19856.0,74.0,4338.0,258894,15444.0,2232836,38588,1935354,1.0
2022-01-27,26586.0,72.0,5465.0,279943,21049.0,2259422,38660,1940819,1.0
2022-01-28,23994.0,74.0,5323.0,298540,18597.0,2283416,38734,1946142,1.0
2022-01-29,26488.0,76.0,5410.0,319542,21002.0,2309904,38810,1951552,1.0
2022-01-30,24030.0,77.0,5025.0,338470,18928.0,2333934,38887,1956577,1.0
2022-01-31,23417.0,75.0,5805.0,356007,17537.0,2357351,38962,1962382,1.0
2022-02-01,21533.0,76.0,7944.0,369520,13513.0,2378884,39038,1970326,1.0
2022-02-02,23784.0,78.0,11475.0,381751,12231.0,2402668,39116,1981801,1.0
2022-02-03,26904.0,76.0,12359.0,396220,14469.0,2429572,39192,1994160,1.0
2022-02-04,25019.0,79.0,13805.0,407355,11135.0,2454591,39271,2007965,1.0
2022-02-05,22444.0,82.0,13840.0,415877,8522.0,2477035,39353,2021805,1.0
2022-02-06,18856.0,81.0,13022.0,421630,5753.0,2495891,39434,2034827,1.0
2022-02-07,15442.0,83.0,13097.0,423892,2262.0,2511333,39517,2047924,1.0
2022-02-08,12902.0,85.0,20673.0,416036,-7856.0,2524235,39602,2068597,1.0
2022-02-09,11521.0,82.0,25936.0,401539,-14497.0,2535756,39684,2094533,1.0
2022-02-10,22747.0,84.0,24364.0,399838,-1701.0,2558503,39768,2118897,1.0
2022-02-11,18541.0,81.0,21615.0,396683,-3155.0,2577044,39849,2140512,1.0
2022-02-12,14336.0,85.0,20046.0,390888,-5795.0,2591380,39934,2160558,1.0
2022-02-13,12496.0,86.0,24573.0,378725,-12163.0,2603876,40020,2185131,1.0
2022-02-14,9616.0,82.0,28915.0,359344,-19381.0,2613492,40102,2214046,1.0
2022-02-15,8160.0,84.0,29967.0,337453,-21891.0,2621652,40186,2244013,1.0
2022-02-16,11262.0,87.0,37779.0,310849,-26604.0,2632914,40273,2281792,1.0
2022-02-17,9705.0,85.0,42439.0,278030,-32819.0,2642619,40358,2324231,1.0
2022-02-18,8308.0,86.0,38981.0,247271,-30759.0,2650927,40444,2363212,1.0
2022-02-19,6874.0,87.0,35764.0,218294,-28977.0,2657801,40531,2398976,1.0
2022-02-20,6388.0,84.0,19481.0,205117,-13177.0,2664189,40615,2418457,1.0
2022-02-21,4997.0,83.0,12622.0,197409,-7708.0,2669186,40698,2431079,1.0
2022-02-22,4250.0,85.0,12820.0,188754,-8655.0,2673436,40783,2443899,1.0
2022-02-23,5664.0,83.0,8996.0,185339,-3415.0,2679100,40866,2452895,1.0
2022-02-24,4730.0,82.0,6401.0,183586,-1753.0,2683830,40948,2459296,1.0
2022-02-25,3333.0,84.0,7459.0,179376,-4210.0,2687163,41032,2466755,1.0
2022-02-26,3947.0,83.0,6258.0,176982,-2394.0,2691110,41115,2473013,1.0
2022-02-27,3050.0,81.0,4550.0,175401,-1581.0,2694160,41196,2477563,1.0
2022-02-28,2584.0,80.0,4358.0,173547,-1854.0,2696744,41276,2481921,1.0
2022-03-01,2066.0,84.0,5673.0,169856,-3691.0,2698810,41360,2487594,1.0
2022-03-02,3024.0,81.0,5203.0,167596,-2260.0,2701834,41441,2492797,1.0
2022-03-03,2683.0,82.0,4694.0,165503,-2093.0,2704517,41523,2497491,1.0
2022-03-04,2463.0,79.0,3638.0,164249,-1254.0,2706980,41602,2501129,1.0
2022-03-05,2060.0,77.0,3069.0,163163,-1086.0,2709040,41679,2504198,1.0
2022-03-06,1901.0,75.0,2338.0,162651,-512.0,2710941,41754,2506536,1.0
2022-03-07,1542.0,65.0,2415.0,161713,-938.0,2712483,41819,2508951,1.0
2022-03-08,1151.0,67.0,2956.0,159841,-1872.0,2713634,41886,2511907,1.0
2022-03-09,1292.0,59.0,2667.0,158407,-1434.0,2714926,41945,2514574,1.0
2022-03-10,1215.0,57.0,2591.0,156974,-1433.0,2716141,42002,2517165,1.0
2022-03-11,2102.0,58.0,2233.0,156785,-189.0,2718243,42060,2519398,1.0
2022-03-12,1655.0,52.0,1825.0,156563,-222.0,2719898,42112,2521223,1.0
2022-03-13,1437.0,49.0,1212.0,156739,176.0,2721335,42161,2522435,1.0
2022-03-14,957.0,44.0,1061.0,156591,-148.0,2722292,42205,2523496,1.0
2022-03-15,999.0,41.0,1358.0,156191,-400.0,2723291,42246,2524854,1.0
2022-03-16,1621.0,40.0,1526.0,156246,55.0,2724912,42286,2526380,1.0
2022-03-17,1352.0,42.0,2005.0,155551,-695.0,2726264,42328,2528385,1.0
2022-03-18,1130.0,38.0,2079.0,154564,-987.0,2727394,42366,2530464,1.0
2022-03-19,927.0,30.0,1593.0,153868,-696.0,2728321,42396,2532057,1.0
2022-03-20,928.0,31.0,988.0,153777,-91.0,2729249,42427,2533045,1.0
2022-03-21,771.0,29.0,1098.0,153421,-356.0,2730020,42456,2534143,1.0
2022-03-22,723.0,30.0,1709.0,152405,-1016.0,2730743,42486,2535852,1.0
2022-03-23,1306.0,28.0,1262.0,152421,16.0,2732049,42514,2537114,1.0
2022-03-24,1163.0,26.0,1045.0,152513,92.0,2733212,42540,2538159,1.0
2022-03-25,1086.0,25.0,886.0,152688,175.0,2734298,42565,2539045,1.0
2022-03-26,925.0,23.0,893.0,152697,9.0,2735223,42588,2539938,1.0
2022-03-27,867.0,22.0,526.0,153016,319.0,2736090,42610,2540464,1.0
2022-03-28,703.0,20.0,1005.0,152694,-322.0,2736793,42630,2541469,1.0
2022-03-29,708.0,23.0,1333.0,152046,-648.0,2737501,42653,2542802,1.0
2022-03-30,1165.0,21.0,1157.0,152033,-13.0,2738666,42674,2543959,1.0
2022-03-31,1130.0,22.0,1015.0,152126,93.0,2739796,42696,2544974,1.0
2022-04-01,1038.0,19.0,901.0,152244,118.0,2740834,42715,2545875,1.0
2022-04-02,994.0,21.0,907.0,152310,66.0,2741828,42736,2546782,1.0
2022-04-03,835.0,22.0,745.0,152378,68.0,2742663,42758,2547527,1.0
2022-04-04,698.0,20.0,735.0,152321,-57.0,2743361,42778,2548262,1.0
2022-04-05,596.0,21.0,1110.0,151786,-535.0,2743957,42799,2549372,1.0
2022-04-06,1072.0,18.0,1221.0,151619,-167.0,2745029,42817,2550593,1.0
2022-04-07,1004.0,20.0,1042.0,151561,-58.0,2746033,42837,2551635,1.0
2022-04-08,855.0,19.0,812.0,151585,24.0,2746888,42856,2552447,1.0
2022-04-09,801.0,17.0,831.0,151538,-47.0,2747689,42873,2553278,1.0
2022-04-10,742.0,18.0,568.0,151694,156.0,2748431,42891,2553846,1.0
2022-04-11,589.0,19.0,698.0,151566,-128.0,2749020,42910,2554544,1.0
2022-04-12,489.0,18.0,994.0,151043,-523.0,2749509,42928,2555538,1.0
2022-04-13,933.0,19.0,1017.0,150940,-103.0,2750442,42947,2556555,1.0
2022-04-14,868.0,17.0,956.0,150835,-105.0,2751310,42964,2557511,1.0
2022-04-15,766.0,18.0,911.0,150672,-163.0,2752076,42982,2558422,1.0
2022-04-16,634.0,16.0,824.0,150466,-206.0,2752710,42998,2559246,1.0
2022-04-17,603.0,19.0,797.0,150253,-213.0,2753313,43017,2560043,1.0
2022-04-18,497.0,17.0,665.0,150068,-185.0,2753810,43034,2560708,1.0
2022-04-19,416.0,18.0,893.0,149573,-495.0,2754226,43052,2561601,1.0
2022-04-20,749.0,19.0,728.0,149575,2.0,2754975,43071,2562329,1.0
2022-04-21,616.0,18.0,614.0,149559,-16.0,2755591,43089,2562943,1.0
2022-04-22,644.0,16.0,753.0,149434,-125.0,2756235,43105,2563696,1.0
2022-04-23,602.0,15.0,695.0,149326,-108.0,2756837,43120,2564391,1.0
2022-04-24,584.0,18.0,447.0,149445,119.0,2757421,43138,2564838,1.0
2022-04-25,455.0,17.0,474.0,149409,-36.0,2757876,43155,2565312,1.0
2022-04-26,378.0,19.0,844.0,148924,-485.0,2758254,43174,2566156,1.0
2022-04-27,760.0,16.0,537.0,149131,207.0,2759014,43190,2566693,1.0
2022-04-28,629.0,18.0,536.0,149206,75.0,2759643,43208,2567229,1.0
2022-04-29,570.0,17.0,629.0,149130,-76.0,2760213,43225,2567858,1.0
2022-04-30,485.0,18.0,616.0,148981,-149.0,2760698,43243,2568474,1.0
2022-05-01,455.0,19.0,424.0,148993,12.0,2761153,43262,2568898,1.0
2022-05-02,334.0,17.0,476.0,148834,-159.0,2761487,43279,2569374,1.0
2022-05-03,250.0,18.0,482.0,148584,-250.0,2761737,43297,2569856,1.0
2022-05-04,282.0,19.0,521.0,148326,-258.0,2762019,43316,2570377,1.0
2022-05-05,393.0,16.0,622.0,148081,-245.0,2762412,43332,2570999,1.0
2022-05-06,526.0,19.0,493.0,148095,14.0,2762938,43351,2571492,1.0
2022-05-07,387.0,18.0,412.0,148052,-43.0,2763325,43369,2571904,1.0
2022-05-08,396.0,16.0,323.0,148109,57.0,2763721,43385,2572227,1.0
2022-05-09,268.0,19.0,250.0,148108,-1.0,2763989,43404,2572477,1.0
2022-05-10,237.0,17.0,280.0,148048,-60.0,2764226,43421,2572757,1.0
2022-05-11,217.0,16.0,395.0,147854,-194.0,2764443,43437,2573152,1.0
2022-05-12,294.0,18.0,484.0,147646,-208.0,2764737,43455,2573636,1.0
2022-05-13,474.0,15.0,443.0,147662,16.0,2765211,43470,2574079,1.0
2022-05-14,402.0,16.0,345.0,147703,41.0,2765613,43486,2574424,1.0
2022-05-15,335.0,14.0,267.0,147757,54.0,2765948,43500,2574691,1.0
2022-05-16,288.0,18.0,255.0,147772,15.0,2766236,43518,2574946,1.0
2022-05-17,212.0,19.0,248.0,147717,-55.0,2766448,43537,2575194,1.0
2022-05-18,380.0,17.0,359.0,147721,4.0,2766828,43554,2575553,1.0
2022-05-19,365.0,16.0,430.0,147640,-81.0,2767193,43570,2575983,1.0
2022-05-20,368.0,14.0,429.0,147565,-75.0,2767561,43584,2576412,1.0
2022-05-21,337.0,15.0,353.0,147534,-31.0,2767898,43599,2576765,1.0
2022-05-22,278.0,13.0,285.0,147514,-20.0,2768176,43612,2577050,1.0
2022-05-23,229.0,14.0,255.0,147474,-40.0,2768405,43626,2577305,1.0
2022-05-24,172.0,15.0,359.0,147272,-202.0,2768577,43641,2577664,1.0
2022-05-25,370.0,17.0,359.0,147266,-6.0,2768947,43658,2578023,1.0
2022-05-26,368.0,14.0,332.0,147288,22.0,2769315,43672,2578355,1.0
2022-05-27,319.0,12.0,361.0,147234,-54.0,2769634,43684,2578716,1.0
2022-05-28,267.0,13.0,221.0,147267,33.0,2769901,43697,2578937,1.0
2022-05-29,286.0,11.0,177.0,147365,98.0,2770187,43708,2579114,1.0
2022-05-30,191.0,12.0,216.0,147328,-37.0,2770378,43720,2579330,1.0
2022-05-31,190.0,14.0,308.0,147196,-132.0,2770568,43734,2579638,1.0
2022-06-01,367.0,13.0,384.0,147166,-30.0,2770935,43747,2580022,1.0
2022-06-02,353.0,10.0,271.0,147238,72.0,2771288,43757,2580293,1.0
2022-06-03,264.0,14.0,288.0,147200,-38.0,2771552,43771,2580581,1.0
2022-06-04,272.0,15.0,314.0,147143,-57.0,2771824,43786,2580895,1.0
2022-06-05,185.0,13.0,148.0,147167,24.0,2772009,43799,2581043,1.0
2022-06-06,189.0,14.0,211.0,147131,-36.0,2772198,43813,2581254,1.0
2022-06-07,167.0,11.0,344.0,146943,-188.0,2772365,43824,2581598,1.0
2022-06-08,290.0,15.0,322.0,146896,-47.0,2772655,43839,2581920,1.0
2022-06-09,226.0,14.0,235.0,146873,-23.0,2772881,43853,2582155,1.0
2022-06-10,222.0,14.0,276.0,146805,-68.0,2773103,43867,2582431,1.0
2022-06-11,220.0,15.0,241.0,146769,-36.0,2773323,43882,2582672,1.0
2022-06-12,217.0,13.0,178.0,146795,26.0,2773540,43895,2582850,1.0
2022-06-13,180.0,11.0,198.0,146766,-29.0,2773720,43906,2583048,1.0
2022-06-14,142.0,15.0,243.0,146650,-116.0,2773862,43921,2583291,1.0
2022-06-15,173.0,12.0,272.0,146539,-111.0,2774035,43933,2583563,1.0
2022-06-16,270.0,14.0,261.0,146534,-5.0,2774305,43947,2583824,1.0
2022-06-17,237.0,15.0,224.0,146532,-2.0,2774542,43962,2584048,1.0
2022-06-18,220.0,14.0,191.0,146547,15.0,2774762,43976,2584239,1.0
2022-06-19,172.0,13.0,179.0,146527,-20.0,2774934,43989,2584418,1.0
2022-06-20,161.0,11.0,146.0,146531,4.0,2775095,44000,2584564,1.0
2022-06-21,146.0,14.0,191.0,146472,-59.0,2775241,44014,2584755,1.0
2022-06-22,256.0,15.0,249.0,146464,-8.0,2775497,44029,2585004,1.0
2022-06-23,246.0,13.0,258.0,146439,-25.0,2775743,44042,2585262,1.0
2022-06-24,240.0,15.0,221.0,146443,4.0,2775983,44057,2585483,1.0
2022-06-25,230.0,14.0,177.0,146482,39.0,2776213,44071,2585660,1.0
2022-06-26,232.0,15.0,166.0,146533,51.0,2776445,44086,2585826,1.0
2022-06-27,212.0,13.0,153.0,146579,46.0,2776657,44099,2585979,1.0
2022-06-28,217.0,15.0,280.0,146501,-78.0,2776874,44114,2586259,1.0
2022-06-29,375.0,14.0,241.0,146621,120.0,2777249,44128,2586500,1.0
2022-06-30,361.0,13.0,229.0,146740,119.0,2777610,44141,2586729,1.0
2022-07-01,340.0,14.0,226.0,146840,100.0,2777950,44155,2586955,1.0
2022-07-02,396.0,15.0,237.0,146984,144.0,2778346,44170,2587192,1.0
2022-07-03,371.0,13.0,206.0,147136,152.0,2778717,44183,2587398,1.0
2022-07-04,328.0,12.0,228.0,147224,88.0,2779045,44195,2587626,1.0
2022-07-05,339.0,14.0,373.0,147176,-48.0,2779384,44209,2587999,1.0
2022-07-06,555.0,11.0,358.0,147362,186.0,2779939,44220,2588357,1.0
2022-07-07,607.0,10.0,356.0,147603,241.0,2780546,44230,2588713,1.0
2022-07-08,556.0,8.0,397.0,147754,151.0,2781102,44238,2589110,1.0
2022-07-09,600.0,7.0,345.0,148002,248.0,2781702,44245,2589455,1.0
2022-07-10,574.0,12.0,330.0,148234,232.0,2782276,44257,2589785,1.0
2022-07-11,514.0,9.0,357.0,148382,148.0,2782790,44266,2590142,1.0
2022-07-12,559.0,13.0,560.0,148368,-14.0,2783349,44279,2590702,1.0
2022-07-13,972.0,8.0,610.0,148722,354.0,2784321,44287,2591312,1.0
2022-07-14,987.0,10.0,594.0,149105,383.0,2785308,44297,2591906,1.0
2022-07-15,860.0,6.0,586.0,149373,268.0,2786168,44303,2592492,1.0
2022-07-16,975.0,9.0,585.0,149754,381.0,2787143,44312,2593077,1.0
2022-07-17,918.0,10.0,518.0,150144,390.0,2788061,44322,2593595,1.0
2022-07-18,926.0,7.0,554.0,150509,365.0,2788987,44329,2594149,1.0
2022-07-19,790.0,11.0,994.0,150294,-215.0,2789777,44340,2595143,1.0
2022-07-20,1670.0,8.0,989.0,150967,673.0,2791447,44348,2596132,1.0
2022-07-21,1763.0,10.0,875.0,151845,878.0,2793210,44358,2597007,1.0
2022-07-22,1787.0,9.0,973.0,152650,805.0,2794997,44367,2597980,1.0
2022-07-23,1871.0,7.0,925.0,153589,939.0,2796868,44374,2598905,1.0
2022-07-24,2386.0,12.0,911.0,155052,1463.0,2799254,44386,2599816,1.0
2022-07-25,2133.0,7.0,789.0,156389,1337.0,2801387,44393,2600605,1.0
2022-07-26,2037.0,13.0,1692.0,156721,332.0,2803424,44406,2602297,1.0
2022-07-27,3673.0,13.0,1753.0,158628,1907.0,2807097,44419,2604050,1.0
2022-07-28,4477.0,14.0,1829.0,161262,2634.0,2811574,44433,2605879,1.0
2022-07-29,3682.0,11.0,1902.0,163031,1769.0,2815256,44444,2607781,1.0
2022-07-30,3888.0,9.0,2223.0,164687,1656.0,2819144,44453,2610004,1.0
2022-07-31,3773.0,13.0,2075.0,166372,1685.0,2822917,44466,2612079,1.0
2022-08-01,3062.0,12.0,2231.0,167191,819.0,2825979,44478,2614310,1.0
2022-08-02,2765.0,14.0,3640.0,166302,-889.0,2828744,44492,2617950,1.0
2022-08-03,5720.0,12.0,4465.0,167545,1243.0,2834464,44504,2622415,1.0
2022-08-04,5973.0,10.0,3690.0,169818,2273.0,2840437,44514,2626105,1.0
2022-08-05,6149.0,15.0,3896.0,172056,2238.0,2846586,44529,2630001,1.0
2022-08-06,5997.0,17.0,3803.0,174233,2177.0,2852583,44546,2633804,1.0
2022-08-07,6110.0,19.0,3022.0,177302,3069.0,2858693,44565,2636826,1.0
2022-08-08,5241.0,18.0,2845.0,179680,2378.0,2863934,44583,2639671,1.0
2022-08-09,4781.0,17.0,5711.0,178733,-947.0,2868715,44600,2645382,1.0
2022-08-10,8608.0,18.0,6022.0,181301,2568.0,2877323,44618,2651404,1.0
2022-08-11,7899.0,16.0,6202.0,182982,1681.0,2885222,44634,2657606,1.0
2022-08-12,7381.0,20.0,5955.0,184388,1406.0,2892603,44654,2663561,1.0
2022-08-13,7147.0,23.0,6113.0,185399,1011.0,2899750,44677,2669674,1.0
2022-08-14,7020.0,21.0,4752.0,187646,2247.0,2906770,44698,2674426,1.0
2022-08-15,5734.0,22.0,5446.0,187912,266.0,2912504,44720,2679872,1.0
2022-08-16,5530.0,23.0,8531.0,184888,-3024.0,2918034,44743,2688403,1.0
2022-08-17,10241.0,21.0,7820.0,187288,2400.0,2928275,44764,2696223,1.0
2022-08-18,9080.0,17.0,7355.0,188996,1708.0,2937355,44781,2703578,1.0
2022-08-19,8555.0,24.0,6830.0,190697,1701.0,2945910,44805,2710408,1.0
2022-08-20,8259.0,25.0,6653.0,192278,1581.0,2954169,44830,2717061,1.0
2022-08-21,7431.0,23.0,5902.0,193784,1506.0,2961600,44853,2722963,1.0
2022-08-22,5172.0,22.0,6023.0,192911,-873.0,2966772,44875,2728986,1.0
2022-08-23,4997.0,28.0,10249.0,187631,-5280.0,2971769,44903,2739235,1.0
2022-08-24,9414.0,27.0,9192.0,187826,195.0,2981183,44930,2748427,1.0
2022-08-25,8874.0,25.0,8574.0,188101,275.0,2990057,44955,2757001,1.0
2022-08-26,7602.0,31.0,8292.0,187380,-721.0,2997659,44986,2765293,1.0
2022-08-27,6915.0,35.0,7469.0,186791,-589.0,3004574,45021,2772762,1.0
2022-08-28,6451.0,32.0,5038.0,188172,1381.0,3011025,45053,2777800,1.0
2022-08-29,5157.0,34.0,5073.0,188222,50.0,3016182,45087,2782873,1.0
2022-08-30,4405.0,32.0,9442.0,183153,-5069.0,3020587,45119,2792315,1.0
2022-08-31,8518.0,31.0,8696.0,182944,-209.0,3029105,45150,2801011,1.0
2022-09-01,7242.0,33.0,7550.0,182603,-341.0,3036347,45183,2808561,1.0
2022-09-02,6205.0,32.0,6918.0,181858,-745.0,3042552,45215,2815479,1.0
2022-09-03,6634.0,34.0,6248.0,182210,352.0,3049186,45249,2821727,1.0
2022-09-04,4425.0,33.0,5163.0,181439,-771.0,3053611,45282,2826890,1.0
2022-09-05,4006.0,31.0,4690.0,180724,-715.0,3057617,45313,2831580,1.0
2022-09-06,3916.0,32.0,8383.0,176225,-4499.0,3061533,45345,2839963,1.0
2022-09-07,8400.0,34.0,7150.0,177441,1216.0,3069933,45379,2847113,1.0
2022-09-08,7896.0,30.0,6616.0,178691,1250.0,3077829,45409,2853729,1.0
2022-09-09,6525.0,28.0,5115.0,180073,1382.0,3084354,45437,2858844,1.0
2022-09-10,6325.0,31.0,5656.0,180711,638.0,3090679,45468,2864500,1.0
2022-09-11,6856.0,29.0,3991.0,183547,2836.0,3097535,45497,2868491,1.0
2022-09-12,5133.0,28.0,3737.0,184915,1368.0,3102668,45525,2872228,1.0
2022-09-13,4946.0,30.0,8561.0,181270,-3645.0,3107614,45555,2880789,1.0
2022-09-14,8610.0,26.0,7939.0,181915,645.0,3116224,45581,2888728,1.0
2022-09-15,9079.0,29.0,6356.0,184609,2694.0,3125303,45610,2895084,1.0
2022-09-16,8799.0,31.0,6384.0,186993,2384.0,3134102,45641,2901468,1.0
2022-09-17,7077.0,28.0,6836.0,187206,213.0,3141179,45669,2908304,1.0
2022-09-18,5884.0,29.0,5144.0,187917,711.0,3147063,45698,2913448,1.0
2022-09-19,4115.0,27.0,4997.0,187008,-909.0,3151178,45725,2918445,1.0
2022-09-20,4171.0,21.0,8690.0,182468,-4540.0,3155349,45746,2927135,1.0
2022-09-21,6647.0,30.0,9112.0,179973,-2495.0,3161996,45776,2936247,1.0
2022-09-22,5994.0,29.0,8789.0,177149,-2824.0,3167990,45805,2945036,1.0
2022-09-23,4923.0,28.0,7046.0,174998,-2151.0,3172913,45833,2952082,1.0
2022-09-24,4101.0,31.0,5554.0,173514,-1484.0,3177014,45864,2957636,1.0
2022-09-25,3409.0,29.0,4038.0,172856,-658.0,3180423,45893,2961674,1.0
2022-09-26,2438.0,27.0,4354.0,170913,-1943.0,3182861,45920,2966028,1.0
2022-09-27,2089.0,28.0,6716.0,166258,-4655.0,3184950,45948,2972744,1.0
2022-09-28,4041.0,29.0,6019.0,164251,-2007.0,3188991,45977,2978763,1.0
2022-09-29,3216.0,27.0,6013.0,161427,-2824.0,3192207,46004,2984776,1.0
2022-09-30,3341.0,28.0,4963.0,159777,-1650.0,3195548,46032,2989739,1.0
2022-10-01,2221.0,24.0,3446.0,158528,-1249.0,3197769,46056,2993185,1.0
2022-10-02,2205.0,26.0,2250.0,158457,-71.0,3199974,46082,2995435,1.0
2022-10-03,1528.0,24.0,2275.0,157686,-771.0,3201502,46106,2997710,1.0
2022-10-04,1442.0,28.0,4040.0,155060,-2626.0,3202944,46134,3001750,1.0
2022-10-05,2512.0,30.0,3565.0,153977,-1083.0,3205456,46164,3005315,1.0
2022-10-06,1962.0,26.0,3367.0,152546,-1431.0,3207418,46190,3008682,1.0
2022-10-07,1624.0,23.0,2247.0,151900,-646.0,3209042,46213,3010929,1.0
2022-10-08,1553.0,22.0,2282.0,151149,-751.0,3210595,46235,3013211,1.0
2022-10-09,1266.0,23.0,1585.0,150807,-342.0,3211861,46258,3014796,1.0
2022-10-10,887.0,21.0,1450.0,150223,-584.0,3212748,46279,3016246,1.0
2022-10-11,880.0,22.0,2541.0,148540,-1683.0,3213628,46301,3018787,1.0
2022-10-12,1561.0,20.0,1942.0,148139,-401.0,3215189,46321,3020729,1.0
2022-10-13,1268.0,17.0,1683.0,147707,-432.0,3216457,46338,3022412,1.0
2022-10-14,1167.0,19.0,1569.0,147286,-421.0,3217624,46357,3023981,1.0
2022-10-15,911.0,21.0,1239.0,146937,-349.0,3218535,46378,3025220,1.0
2022-10-16,948.0,18.0,892.0,146975,38.0,3219483,46396,3026112,1.0
2022-10-17,676.0,19.0,878.0,146754,-221.0,3220159,46415,3026990,1.0
2022-10-18,606.0,20.0,1588.0,145752,-1002.0,3220765,46435,3028578,1.0
2022-10-19,1257.0,18.0,1274.0,145717,-35.0,3222022,46453,3029852,1.0
2022-10-20,711.0,17.0,1232.0,145179,-538.0,3222733,46470,3031084,1.0
2022-10-21,660.0,19.0,1092.0,144728,-451.0,3223393,46489,3032176,1.0
2022-10-22,865.0,18.0,1002.0,144573,-155.0,3224258,46507,3033178,1.0
2022-10-23,756.0,16.0,683.0,144630,57.0,3225014,46523,3033861,1.0
2022-10-24,555.0,15.0,603.0,144567,-63.0,3225569,46538,3034464,1.0
2022-10-25,501.0,13.0,1273.0,143782,-785.0,3226070,46551,3035737,1.0
2022-10-26,1039.0,11.0,742.0,144068,286.0,3227109,46562,3036479,1.0
2022-10-27,928.0,12.0,675.0,144309,241.0,3228037,46574,3037154,1.0
2022-10-28,762.0,9.0,823.0,144239,-70.0,3228799,46583,3037977,1.0
2022-10-29,759.0,13.0,757.0,144228,-11.0,3229558,46596,3038734,1.0
2022-10-30,730.0,12.0,594.0,144352,124.0,3230288,46608,3039328,1.0
2022-10-31,579.0,11.0,529.0,144391,39.0,3230867,46619,3039857,1.0
2022-11-01,485.0,11.0,1062.0,143803,-588.0,3231352,46630,3040919,1.0
2022-11-02,966.0,10.0,913.0,143846,43.0,3232318,46640,3041832,1.0
2022-11-03,843.0,13.0,760.0,143916,70.0,3233161,46653,3042592,1.0
2022-11-04,757.0,12.0,780.0,143881,-35.0,3233918,46665,3043372,1.0
2022-11-05,623.0,11.0,733.0,143760,-121.0,3234541,46676,3044105,1.0
2022-11-06,402.0,13.0,572.0,143577,-183.0,3234943,46689,3044677,1.0
2022-11-07,590.0,12.0,492.0,143663,86.0,3235533,46701,3045169,1.0
2022-11-08,616.0,13.0,960.0,143306,-357.0,3236149,46714,3046129,1.0
2022-11-09,1124.0,11.0,866.0,143553,247.0,3237273,46725,3046995,1.0
2022-11-10,979.0,12.0,754.0,143766,213.0,3238252,46737,3047749,1.0
2022-11-11,925.0,12.0,629.0,144050,284.0,3239177,46749,3048378,1.0
2022-11-12,975.0,11.0,436.0,144578,528.0,3240152,46760,3048814,1.0
2022-11-13,854.0,13.0,554.0,144865,287.0,3241006,46773,3049368,1.0
2022-11-14,635.0,12.0,621.0,144867,2.0,3241641,46785,3049989,1.0
2022-11-15,522.0,13.0,1126.0,144250,-617.0,3242163,46798,3051115,1.0
2022-11-16,1041.0,12.0,966.0,144313,63.0,3243204,46810,3052081,1.0
2022-11-17,1073.0,11.0,911.0,144464,151.0,3244277,46821,3052992,1.0
2022-11-18,823.0,12.0,931.0,144344,-120.0,3245100,46833,3053923,1.0
2022-11-19,727.0,10.0,865.0,144196,-148.0,3245827,46843,3054788,1.0
2022-11-20,808.0,12.0,631.0,144361,165.0,3246635,46855,3055419,1.0
2022-11-21,697.0,11.0,533.0,144514,153.0,3247332,46866,3055952,1.0
2022-11-22,625.0,13.0,1030.0,144096,-418.0,3247957,46879,3056982,1.0
2022-11-23,1351.0,12.0,1098.0,144337,241.0,3249308,46891,3058080,1.0
2022-11-24,1058.0,14.0,810.0,144571,234.0,3250366,46905,3058890,1.0
2022-11-25,1074.0,12.0,759.0,144874,303.0,3251440,46917,3059649,1.0
2022-11-26,1212.0,13.0,847.0,145226,352.0,3252652,46930,3060496,1.0
2022-11-27,1061.0,14.0,683.0,145590,364.0,3253713,46944,3061179,1.0
2022-11-28,783.0,12.0,632.0,145729,139.0,3254496,46956,3061811,1.0
2022-11-29,912.0,15.0,1329.0,145297,-432.0,3255408,46971,3063140,1.0
2022-11-30,1405.0,16.0,1079.0,145607,310.0,3256813,46987,3064219,1.0
2022-12-01,1390.0,15.0,1040.0,145942,335.0,3258203,47002,3065259,1.0
2022-12-02,1190.0,14.0,1232.0,145886,-56.0,3259393,47016,3066491,1.0
2022-12-03,1187.0,16.0,1074.0,145983,97.0,3260580,47032,3067565,1.0
2022-12-04,1136.0,17.0,790.0,146312,329.0,3261716,47049,3068355,1.0
2022-12-05,958.0,15.0,932.0,146323,11.0,3262674,47064,3069287,1.0
2022-12-06,963.0,17.0,1456.0,145813,-510.0,3263637,47081,3070743,1.0
2022-12-07,1727.0,17.0,1303.0,146220,407.0,3265364,47098,3072046,1.0
2022-12-08,1697.0,16.0,1194.0,146707,487.0,3267061,47114,3073240,1.0
2022-12-09,1439.0,15.0,1168.0,146963,256.0,3268500,47129,3074408,1.0
2022-12-10,1267.0,17.0,1202.0,147011,48.0,3269767,47146,3075610,1.0
2022-12-11,1237.0,17.0,960.0,147271,260.0,3271004,47163,3076570,1.0
2022-12-12,1213.0,16.0,968.0,147500,229.0,3272217,47179,3077538,1.0
2022-12-13,1018.0,17.0,1713.0,146788,-712.0,3273235,47196,3079251,1.0
2022-12-14,1847.0,15.0,1701.0,146919,131.0,3275082,47211,3080952,1.0
2022-12-15,1692.0,14.0,1463.0,147134,215.0,3276774,47225,3082415,1.0
2022-12-16,2131.0,16.0,1266.0,147983,849.0,3278905,47241,3083681,1.0
2022-12-17,1396.0,17.0,1296.0,148066,83.0,3280301,47258,3084977,1.0
2022-12-18,1282.0,15.0,1171.0,148162,96.0,3281583,47273,3086148,1.0
2022-12-19,1110.0,16.0,1005.0,148251,89.0,3282693,47289,3087153,1.0
2022-12-20,940.0,17.0,1837.0,147337,-914.0,3283633,47306,3088990,1.0
2022-12-21,1929.0,16.0,1633.0,147617,280.0,3285562,47322,3090623,1.0
2022-12-22,1709.0,17.0,2101.0,147208,-409.0,3287271,47339,3092724,1.0
2022-12-23,1698.0,15.0,1506.0,147385,177.0,3288969,47354,3094230,1.0
2022-12-24,1622.0,16.0,1261.0,147730,345.0,3290591,47370,3095491,1.0
2022-12-25,1475.0,15.0,1027.0,148163,433.0,3292066,47385,3096518,1.0
2022-12-26,1024.0,17.0,970.0,148200,37.0,3293090,47402,3097488,1.0
2022-12-27,1076.0,16.0,1872.0,147388,-812.0,3294166,47418,3099360,1.0
2022-12-28,1873.0,17.0,1785.0,147459,71.0,3296039,47435,3101145,1.0
2022-12-29,1661.0,15.0,1706.0,147399,-60.0,3297700,47450,3102851,1.0
2022-12-30,1420.0,13.0,1659.0,147147,-252.0,3299120,47463,3104510,1.0
2022-12-31,1283.0,14.0,1420.0,146996,-151.0,3300403,47477,3105930,1.0
2023-01-01,1161.0,15.0,1082.0,147060,64.0,3301564,47492,3107012,1.0
2023-01-02,751.0,12.0,1067.0,146732,-328.0,3302315,47504,3108079,1.0
2023-01-03,544.0,16.0,1881.0,145379,-1353.0,3302859,47520,3109960,1.0
2023-01-04,1046.0,13.0,1665.0,144747,-632.0,3303905,47533,3111625,1.0
2023-01-05,1073.0,15.0,1452.0,144353,-394.0,3304978,47548,3113077,1.0
2023-01-06,1156.0,14.0,1265.0,144230,-123.0,3306134,47562,3114342,1.0
2023-01-07,1052.0,16.0,1151.0,144115,-115.0,3307186,47578,3115493,1.0
2023-01-08,974.0,16.0,757.0,144316,201.0,3308160,47594,3116250,1.0
2023-01-09,793.0,15.0,569.0,144525,209.0,3308953,47609,3116819,1.0
2023-01-10,1123.0,16.0,1069.0,144563,38.0,3310076,47625,3117888,1.0
2023-01-11,1678.0,14.0,1087.0,145140,577.0,3311754,47639,3118975,1.0
2023-01-12,1539.0,15.0,1166.0,145498,358.0,3313293,47654,3120141,1.0
2023-01-13,1728.0,16.0,1063.0,146147,649.0,3315021,47670,3121204,1.0
2023-01-14,1585.0,14.0,1005.0,146713,566.0,3316606,47684,3122209,1.0
2023-01-15,1376.0,15.0,875.0,147199,486.0,3317982,47699,3123084,1.0
2023-01-16,1228.0,13.0,1128.0,147286,87.0,3319210,47712,3124212,1.0
2023-01-17,1124.0,14.0,1685.0,146711,-575.0,3320334,47726,3125897,1.0
2023-01-18,2051.0,12.0,1580.0,147170,459.0,3322385,47738,3127477,1.0
2023-01-19,2005.0,11.0,1747.0,147417,247.0,3324390,47749,3129224,1.0
2023-01-20,2038.0,12.0,1547.0,147896,479.0,3326428,47761,3130771,1.0
2023-01-21,1921.0,13.0,1393.0,148411,515.0,3328349,47774,3132164,1.0
2023-01-22,1755.0,11.0,1196.0,148959,548.0,3330104,47785,3133360,1.0
2023-01-23,1241.0,12.0,1128.0,149060,101.0,3331345,47797,3134488,1.0
2023-01-24,1362.0,12.0,2063.0,148347,-713.0,3332707,47809,3136551,1.0
2023-01-25,2424.0,11.0,2013.0,148747,400.0,3335131,47820,3138564,1.0
2023-01-26,2411.0,10.0,2121.0,149027,280.0,3337542,47830,3140685,1.0
2023-01-27,2234.0,12.0,1937.0,149312,285.0,3339776,47842,3142622,1.0
2023-01-28,2117.0,11.0,1763.0,149655,343.0,3341893,47853,3144385,1.0
2023-01-29,1967.0,11.0,1207.0,150404,749.0,3343860,47864,3145592,1.0
2023-01-30,1519.0,12.0,1376.0,150535,131.0,3345379,47876,3146968,1.0
2023-01-31,1359.0,13.0,2458.0,149423,-1112.0,3346738,47889,3149426,1.0
2023-02-01,3160.0,11.0,2444.0,150128,705.0,3349898,47900,3151870,1.0
2023-02-02,2925.0,12.0,2240.0,150801,673.0,3352823,47912,3154110,1.0
2023-02-03,2800.0,13.0,2132.0,151456,655.0,3355623,47925,3156242,1.0
2023-02-04,2337.0,11.0,1969.0,151813,357.0,3357960,47936,3158211,1.0
2023-02-05,2382.0,11.0,1470.0,152714,901.0,3360342,47947,3159681,1.0
2023-02-06,1815.0,12.0,1329.0,153188,474.0,3362157,47959,3161010,1.0
2023-02-07,1523.0,10.0,3173.0,151528,-1660.0,3363680,47969,3164183,1.0
2023-02-08,3116.0,12.0,2930.0,151702,174.0,3366796,47981,3167113,1.0
2023-02-09,3535.0,10.0,2812.0,152415,713.0,3370331,47991,3169925,1.0
2023-02-10,2952.0,11.0,2320.0,153036,621.0,3373283,48002,3172245,1.0
2023-02-11,3043.0,12.0,2391.0,153676,640.0,3376326,48014,3174636,1.0
2023-02-12,2658.0,10.0,1750.0,154574,898.0,3378984,48024,3176386,1.0
2023-02-13,2403.0,11.0,1577.0,155389,815.0,3381387,48035,3177963,1.0
2023-02-14,1862.0,12.0,3115.0,154124,-1265.0,3383249,48047,3181078,1.0
2023-02-15,3862.0,10.0,3566.0,154410,286.0,3387111,48057,3184644,1.0
2023-02-16,3782.0,11.0,2987.0,155194,784.0,3390893,48068,3187631,1.0
2023-02-17,3196.0,11.0,3028.0,155351,157.0,3394089,48079,3190659,1.0
2023-02-18,2854.0,12.0,2688.0,155505,154.0,3396943,48091,3193347,1.0
2023-02-19,2547.0,11.0,2418.0,155623,118.0,3399490,48102,3195765,1.0
2023-02-20,1940.0,10.0,1830.0,155723,100.0,3401430,48112,3197595,1.0
2023-02-21,1821.0,12.0,3748.0,153784,-1939.0,3403251,48124,3201343,1.0
2023-02-22,3093.0,11.0,3750.0,153116,-668.0,3406344,48135,3205093,1.0
2023-02-23,2947.0,12.0,3338.0,152713,-403.0,3409291,48147,3208431,1.0
2023-02-24,2250.0,10.0,2867.0,152086,-627.0,3411541,48157,3211298,1.0
2023-02-25,1705.0,13.0,2490.0,151288,-798.0,3413246,48170,3213788,1.0
2023-02-26,1419.0,12.0,1958.0,150737,-551.0,3414665,48182,3215746,1.0
2023-02-27,1778.0,12.0,1850.0,150653,-84.0,3416443,48194,3217596,1.0
2023-02-28,1914.0,11.0,3149.0,149407,-1246.0,3418357,48205,3220745,1.0
2023-03-01,3413.0,12.0,2868.0,149940,533.0,3421770,48217,3223613,1.0
2023-03-02,2788.0,11.0,2244.0,150473,533.0,3424558,48228,3225857,1.0
2023-03-03,2427.0,12.0,1722.0,151166,693.0,3426985,48240,3227579,1.0
2023-03-04,2399.0,10.0,1433.0,152122,956.0,3429384,48250,3229012,1.0
2023-03-05,2056.0,12.0,1790.0,152376,254.0,3431440,48262,3230802,1.0
2023-03-06,1588.0,11.0,1934.0,152019,-357.0,3433028,48273,3232736,1.0
2023-03-07,1448.0,12.0,3456.0,149999,-2020.0,3434476,48285,3236192,1.0
2023-03-08,2368.0,10.0,2743.0,149614,-385.0,3436844,48295,3238935,1.0
2023-03-09,2404.0,11.0,2447.0,149560,-54.0,3439248,48306,3241382,1.0
2023-03-10,1327.0,9.0,2411.0,148467,-1093.0,3440575,48315,3243793,1.0
2023-03-11,2214.0,7.0,2121.0,148553,86.0,3442789,48322,3245914,1.0
2023-03-12,2015.0,6.0,1576.0,148986,433.0,3444804,48328,3247490,1.0
2023-03-13,1699.0,6.0,1457.0,149222,236.0,3446503,48334,3248947,1.0
2023-03-14,1411.0,8.0,2350.0,148275,-947.0,3447914,48342,3251297,1.0
2023-03-15,2373.0,6.0,2439.0,148203,-72.0,3450287,48348,3253736,1.0
2023-03-16,2258.0,5.0,1354.0,149102,899.0,3452545,48353,3255090,1.0
2023-03-17,1734.0,7.0,2234.0,148595,-507.0,3454279,48360,3257324,1.0
2023-03-18,2195.0,6.0,2038.0,148746,151.0,3456474,48366,3259362,1.0
2023-03-19,1700.0,7.0,1693.0,148746,0.0,3458174,48373,3261055,1.0
2023-03-20,1282.0,5.0,1414.0,148609,-137.0,3459456,48378,3262469,1.0
2023-03-21,1092.0,8.0,2397.0,147296,-1313.0,3460548,48386,3264866,1.0
2023-03-22,2259.0,8.0,2332.0,147215,-81.0,3462807,48394,3267198,1.0
2023-03-23,2013.0,6.0,1752.0,147470,255.0,3464820,48400,3268950,1.0
2023-03-24,1780.0,7.0,2168.0,147075,-395.0,3466600,48407,3271118,1.0
2023-03-25,1897.0,9.0,1709.0,147254,179.0,3468497,48416,3272827,1.0
2023-03-26,1356.0,6.0,1122.0,147482,228.0,3469853,48422,3273949,1.0
2023-03-27,1333.0,7.0,1118.0,147690,208.0,3471186,48429,3275067,1.0
2023-03-28,973.0,8.0,2265.0,146390,-1300.0,3472159,48437,3277332,1.0
2023-03-29,2134.0,7.0,2044.0,146473,83.0,3474293,48444,3279376,1.0
2023-03-30,1771.0,6.0,1820.0,146418,-55.0,3476064,48450,3281196,1.0
2023-03-31,1773.0,7.0,1549.0,146635,217.0,3477837,48457,3282745,1.0
2023-04-01,1078.0,8.0,1585.0,146120,-515.0,3478915,48465,3284330,1.0
2023-04-02,1358.0,7.0,1221.0,146250,130.0,3480273,48472,3285551,1.0
2023-04-03,909.0,8.0,989.0,146162,-88.0,3481182,48480,3286540,1.0
2023-04-04,965.0,9.0,2259.0,144859,-1303.0,3482147,48489,3288799,1.0
2023-04-05,1519.0,6.0,1806.0,144566,-293.0,3483666,48495,3290605,1.0
2023-04-06,1589.0,8.0,1544.0,144603,37.0,3485255,48503,3292149,1.0
2023-04-07,1140.0,9.0,1401.0,144333,-270.0,3486395,48512,3293550,1.0
2023-04-08,1317.0,8.0,1379.0,144263,-70.0,3487712,48520,3294929,1.0
2023-04-09,887.0,8.0,902.0,144240,-23.0,3488599,48528,3295831,1.0
2023-04-10,790.0,9.0,971.0,144050,-190.0,3489389,48537,3296802,1.0
2023-04-11,656.0,7.0,1680.0,143019,-1031.0,3490045,48544,3298482,1.0
2023-04-12,1292.0,9.0,1568.0,142734,-285.0,3491337,48553,3300050,1.0
2023-04-13,1171.0,8.0,1142.0,142755,21.0,3492508,48561,3301192,1.0
2023-04-14,1193.0,7.0,1324.0,142617,-138.0,3493701,48568,3302516,1.0
2023-04-15,848.0,8.0,867.0,142590,-27.0,3494549,48576,3303383,1.0
2023-04-16,926.0,7.0,829.0,142680,90.0,3495475,48583,3304212,1.0
2023-04-17,570.0,8.0,687.0,142555,-125.0,3496045,48591,3304899,1.0
2023-04-18,596.0,10.0,1342.0,141799,-756.0,3496641,48601,3306241,1.0
2023-04-19,987.0,9.0,1126.0,141651,-148.0,3497628,48610,3307367,1.0
2023-04-20,1075.0,7.0,1154.0,141565,-86.0,3498703,48617,3308521,1.0
2023-04-21,977.0,8.0,893.0,141641,76.0,3499680,48625,3309414,1.0
2023-04-22,927.0,8.0,932.0,141628,-13.0,3500607,48633,3310346,1.0
2023-04-23,715.0,9.0,604.0,141730,102.0,3501322,48642,3310950,1.0
2023-04-24,593.0,8.0,595.0,141720,-10.0,3501915,48650,3311545,1.0
2023-04-25,569.0,9.0,1090.0,141190,-530.0,3502484,48659,3312635,1.0
2023-04-26,934.0,6.0,1052.0,141066,-124.0,3503418,48665,3313687,1.0
2023-04-27,904.0,7.0,962.0,141001,-65.0,3504322,48672,3314649,1.0
2023-04-28,926.0,5.0,936.0,140986,-15.0,3505248,48677,3315585,1.0
2023-04-29,763.0,6.0,744.0,140999,13.0,3506011,48683,3316329,1.0
2023-04-30,671.0,7.0,555.0,141108,109.0,3506682,48690,3316884,1.0
2023-05-01,414.0,5.0,592.0,140925,-183.0,3507096,48695,3317476,1.0
2023-05-02,353.0,8.0,768.0,140502,-423.0,3507449,48703,3318244,1.0
2023-05-03,358.0,7.0,942.0,139911,-591.0,3507807,48710,3319186,1.0
2023-05-04,763.0,7.0,955.0,139712,-199.0,3508570,48717,3320141,1.0
2023-05-05,577.0,8.0,808.0,139473,-239.0,3509147,48725,3320949,1.0
2023-05-06,488.0,6.0,684.0,139271,-202.0,3509635,48731,3321633,1.0
2023-05-07,378.0,5.0,412.0,139232,-39.0,3510013,48736,3322045,1.0
2023-05-08,373.0,8.0,367.0,139230,-2.0,3510386,48744,3322412,1.0
2023-05-09,271.0,6.0,373.0,139122,-108.0,3510657,48750,3322785,1.0
2023-05-10,301.0,7.0,741.0,138675,-447.0,3510958,48757,3323526,1.0
2023-05-11,265.0,9.0,554.0,138377,-298.0,3511223,48766,3324080,1.0
2023-05-12,602.0,8.0,488.0,138483,106.0,3511825,48774,3324568,1.0
2023-05-13,442.0,5.0,383.0,138537,54.0,3512267,48779,3324951,1.0
2023-05-14,453.0,7.0,365.0,138618,81.0,3512720,48786,3325316,1.0
2023-05-15,243.0,8.0,274.0,138579,-39.0,3512963,48794,3325590,1.0
2023-05-23,2273.0,35.0,2384.0,138433,-146.0,3515236,48829,3327974,8.0
2023-05-30,2314.0,37.0,2505.0,138205,-228.0,3517550,48866,3330479,7.0
2023-06-06,1845.0,40.0,2550.0,137460,-745.0,3519395,48906,3333029,7.0
2023-06-13,1219.0,35.0,1581.0,137063,-397.0,3520614,48941,3334610,7.0
2023-06-20,954.0,33.0,1088.0,136896,-167.0,3521568,48974,3335698,7.0
2023-06-27,968.0,43.0,1083.0,136738,-158.0,3522536,49017,3336781,7.0
2023-07-04,766.0,30.0,1012.0,136462,-276.0,3523302,49047,3337793,7.0
2023-07-11,593.0,27.0,729.0,136299,-163.0,3523895,49074,3338522,7.0
2023-07-18,575.0,26.0,594.0,136254,-45.0,3524470,49100,3339116,7.0
2023-07-25,693.0,19.0,565.0,136363,109.0,3525163,49119,3339681,7.0
2023-08-01,611.0,25.0,688.0,136261,-102.0,3525774,49144,3340369,7.0
2023-08-08,701.0,26.0,614.0,136322,61.0,3526475,49170,3340983,7.0
2023-08-15,787.0,28.0,724.0,136357,35.0,3527262,49198,3341707,7.0
2023-08-22,967.0,11.0,789.0,136524,167.0,3528229,49209,3342496,7.0
2023-08-29,971.0,1.0,1294.0,136200,-324.0,3529200,49210,3343790,7.0
2023-09-05,2180.0,1.0,1063.0,137316,1116.0,3531380,49211,3344853,7.0
2023-09-12,3040.0,1.0,1894.0,138461,1145.0,3534420,49212,3346747,7.0
2023-09-19,4617.0,3.0,3246.0,139829,1368.0,3539037,49215,3349993,7.0
2023-09-26,4914.0,7.0,4688.0,140048,219.0,3543951,49222,3354681,7.0
2023-10-03,4193.0,5.0,4813.0,139423,-625.0,3548144,49227,3359494,7.0
2023-10-10,3622.0,5.0,4162.0,138878,-545.0,3551766,49232,3363656,7.0
2023-10-17,3838.0,10.0,3612.0,139094,216.0,3555604,49242,3367268,7.0
2023-10-24,4392.0,8.0,3971.0,139507,413.0,3559996,49250,3371239,7.0
2023-10-31,5329.0,8.0,4483.0,140345,838.0,3565325,49258,3375722,7.0
2023-11-07,6936.0,11.0,5407.0,141863,1518.0,3572261,49269,3381129,7.0
2023-11-14,8173.0,13.0,7043.0,142980,1117.0,3580434,49282,3388172,7.0
2023-11-21,10201.0,19.0,8389.0,144773,1793.0,3590635,49301,3396561,7.0
2023-11-28,13590.0,19.0,10519.0,147825,3052.0,3604225,49320,3407080,7.0
2023-12-05,16738.0,39.0,13964.0,150560,2735.0,3620963,49359,3421044,7.0
2023-12-12,15855.0,30.0,16940.0,149445,-1115.0,3636818,49389,3437984,7.0
2023-12-19,13330.0,27.0,15473.0,147275,-2170.0,3650148,49416,3453457,7.0
2023-12-26,10061.0,29.0,12983.0,144324,-2951.0,3660209,49445,3466440,7.0
2024-01-02,6658.0,38.0,9952.0,140992,-3332.0,3666867,49483,3476392,7.0
2024-01-09,3649.0,24.0,5888.0,138729,-2263.0,3670516,49507,3482280,7.0
2024-01-16,4272.0,22.0,3554.0,139425,696.0,3674788,49529,3485834,7.0
2024-01-23,5066.0,23.0,4220.0,140248,823.0,3679854,49552,3490054,7.0
2024-01-30,6505.0,18.0,5134.0,141601,1353.0,3686359,49570,3495188,7.0
2024-02-06,7819.0,16.0,6470.0,142934,1333.0,3694178,49586,3501658,7.0
2024-02-13,8312.0,18.0,8012.0,143216,282.0,3702490,49604,3509670,7.0
2024-02-20,8162.0,27.0,8102.0,143249,33.0,3710652,49631,3517772,7.0
2024-02-27,6750.0,13.0,7982.0,142004,-1245.0,3717402,49644,3525754,7.0
2024-03-05,6286.0,16.0,6709.0,141565,-439.0,3723688,49660,3532463,7.0
2024-03-12,4686.0,11.0,6236.0,140004,-1561.0,3728374,49671,3538699,7.0
2024-03-19,4991.0,13.0,4989.0,139993,-11.0,3733365,49684,3543688,7.0
2024-03-26,4181.0,13.0,4677.0,139484,-509.0,3737546,49697,3548365,7.0
2024-04-02,3599.0,11.0,4220.0,138852,-632.0,3741145,49708,3552585,7.0
2024-04-09,3072.0,10.0,3561.0,138353,-499.0,3744217,49718,3556146,7.0
2024-04-16,2461.0,10.0,3008.0,137796,-557.0,3746678,49728,3559154,7.0
2024-04-23,2178.0,7.0,2423.0,137544,-252.0,3748856,49735,3561577,7.0
2024-04-30,2124.0,6.0,2204.0,137458,-86.0,3750980,49741,3563781,7.0
2024-05-07,1441.0,2.0,2033.0,136864,-594.0,3752421,49743,3565814,7.0
2024-05-14,1243.0,1.0,1461.0,136645,-219.0,3753664,49744,3567275,7.0
2024-05-21,1915.0,6.0,1277.0,137277,632.0,3755579,49750,3568552,7.0
2024-05-28,2224.0,9.0,1932.0,137560,283.0,3757803,49759,3570484,7.0
2024-06-04,2222.0,1.0,2208.0,137573,13.0,3760025,49760,3572692,7.0
2024-06-11,1811.0,9.0,2127.0,137248,-325.0,3761836,49769,3574819,7.0
2024-06-18,1294.0,9.0,1719.0,136814,-434.0,3763130,49778,3576538,7.0
2024-06-25,1299.0,6.0,1278.0,136829,15.0,3764429,49784,3577816,7.0
2024-07-02,1394.0,2.0,1276.0,136945,116.0,3765823,49786,3579092,7.0
2024-07-09,1534.0,6.0,1442.0,137031,86.0,3767357,49792,3580534,7.0
2024-07-16,1425.0,7.0,1441.0,137008,-23.0,3768782,49799,3581975,7.0
2024-07-23,1506.0,7.0,1445.0,137062,54.0,3770288,49806,3583420,7.0
2024-07-30,1803.0,6.0,1407.0,137452,390.0,3772091,49812,3584827,7.0
2024-08-06,2524.0,0.0,1884.0,138092,640.0,3774615,49812,3586711,7.0
2024-08-13,3227.0,4.0,2534.0,138781,689.0,3777842,49816,3589245,7.0
2024-08-20,3940.0,2.0,3385.0,139334,553.0,3781782,49818,3592630,7.0
2024-08-27,4828.0,2.0,3868.0,140292,958.0,3786610,49820,3596498,7.0
2024-09-03,5050.0,7.0,4788.0,140547,255.0,3791660,49827,3601286,7.0
2024-09-10,5769.0,8.0,5057.0,141251,704.0,3797429,49835,3606343,7.0
2024-09-17,7196.0,8.0,5737.0,142702,1451.0,3804625,49843,3612080,7.0
2024-09-24,6736.0,6.0,7175.0,142257,-445.0,3811361,49849,3619255,7.0
2024-10-01,5992.0,11.0,6699.0,141539,-718.0,3817353,49860,3625954,7.0
2024-10-08,5079.0,8.0,5952.0,140658,-881.0,3822432,49868,3631906,7.0
2024-10-15,4131.0,12.0,5059.0,139718,-940.0,3826563,49880,3636965,7.0
2024-10-22,3788.0,12.0,4058.0,139436,-282.0,3830351,49892,3641023,7.0
2024-10-29,4249.0,13.0,3770.0,139902,466.0,3834600,49905,3644793,7.0
2024-11-05,4088.0,14.0,4325.0,139651,-251.0,3838688,49919,3649118,7.0
2024-11-12,3805.0,5.0,4209.0,139242,-409.0,3842493,49924,3653327,7.0
2024-11-19,4316.0,12.0,3701.0,139845,603.0,3846809,49936,3657028,7.0
2024-11-26,4959.0,11.0,4305.0,140488,643.0,3851768,49947,3661333,7.0
2024-12-03,4809.0,11.0,4893.0,140393,-95.0,3856577,49958,3666226,7.0
2024-12-10,5208.0,7.0,4977.0,140617,224.0,3861785,49965,3671203,7.0
2024-12-17,4930.0,13.0,5193.0,140341,-276.0,3866715,49978,3676396,7.0
2024-12-24,3958.0,16.0,4843.0,139440,-901.0,3870673,49994,3681239,7.0
2024-12-31,2994.0,16.0,4096.0,138322,-1118.0,3873667,50010,3685335,7.0
2025-01-07,1362.0,17.0,2762.0,136905,-1417.0,3875029,50027,3688097,7.0
2025-01-14,1494.0,14.0,1224.0,137161,256.0,3876523,50041,3689321,7.0
2025-01-21,1280.0,7.0,1559.0,136875,-286.0,3877803,50048,3690880,7.0
2025-01-28,1241.0,0.0,1401.0,136715,-160.0,3879044,50048,3692281,7.0
2025-02-04,1212.0,2.0,1240.0,136685,-30.0,3880256,50050,3693521,7.0
2025-02-11,1036.0,4.0,1210.0,136507,-178.0,3881292,50054,3694731,7.0
2025-02-18,939.0,1.0,937.0,136508,1.0,3882231,50055,3695668,7.0
2025-02-25,996.0,1.0,1020.0,136483,-25.0,3883227,50056,3696688,7.0
2025-03-04,903.0,2.0,957.0,136427,-56.0,3884130,50058,3697645,7.0
2025-03-11,864.0,5.0,885.0,136401,-26.0,3884994,50063,3698530,7.0
2025-03-18,725.0,4.0,816.0,136306,-95.0,3885719,50067,3699346,7.0
